Talkers,Noise,F1,F2,F3
C1,NC,415.47,1455.58,2442.3875824175825
C1,NC,469.29,1528.92,2596.799064748201
C1,NC,400.65,1260.23,2440.7494214876033
C1,NC,456.21,1493.14,2528.0973099415205
C1,NC,443.47,1327.74,2467.9308267716538
C1,NC,394.9,1443.28,2526.1650627615063
C1,NC,395.87,1633.3,2545.1228571428574
C1,NC,443.92,1505.72,2499.8509756097565
C1,NC,368.99,1289.83,2358.9134615384614
C1,NC,382.11,1610.7,2495.026768292683
C1,NC,404.82,1388.92,2450.8384716157207
C1,NC,405.0,1456.47,2396.6888333333336
C1,NC,371.44,1513.68,2543.2719411764706
C1,NC,326.32,1311.5,2333.544324324325
C1,NC,396.7,1281.22,2474.575887096774
C1,NC,368.81,1328.59,2389.597341040462
C1,NC,338.45,1240.82,2407.733668122271
C1,NC,399.36,1336.76,2481.0798701298704
C1,NC,388.55,1167.36,2292.8328985507246
C1,NC,346.22,1203.19,2309.432183908046
C1,NC,432.52,1668.17,2575.459285714286
C1,NC,463.01,1344.49,2485.6261111111116
C1,NC,403.11,1361.39,2394.6938095238097
C1,NC,388.98,1243.4,2463.145423728814
C1,NC,406.08,1621.63,2495.403076923077
C1,NC,452.45,1501.87,2567.531679389313
C1,NC,414.34,1286.35,2751.6362068965523
C1,NC,390.19,1413.07,2468.868649789029
C1,NC,380.17,1480.1,2533.1978666666664
C1,NC,369.19,1400.5,2523.3841049382713
C1,NC,361.17,1174.25,2473.6522666666665
C1,NC,379.5,1990.57,2651.6834285714285
C1,NC,408.65,1675.84,2532.518895705521
C1,NC,403.31,1280.18,2505.642588235294
C1,NC,397.28,1294.23,2457.0189690721654
C1,NC,411.4,1260.56,2517.314539249147
C1,NC,352.36,1500.24,2478.3779545454545
C1,NC,404.69,1451.84,2581.033048128342
C1,NC,372.01,1132.09,2463.1110810810806
C1,NC,428.22,1272.31,2465.074382022472
C1,NC,359.3,1209.23,2531.067298136646
C1,NC,411.73,1356.32,2541.7408737864084
C1,NC,497.39,1243.78,2429.9005714285713
C1,NC,455.3,1476.4,2485.225333333333
C1,NC,392.0,1472.92,2531.1097959183676
C1,NC,416.8,1322.61,2499.5225118483413
C1,NC,397.91,1406.39,2505.8228834355828
C1,NC,403.95,1286.34,2526.198277027027
C1,NC,410.33,1448.2,2457.235428571428
C1,NC,370.31,1234.95,2501.162888888889
C1,NC,404.97,1285.71,2529.5302453987733
C1,NC,394.73,1388.99,2539.3302464788735
C1,NC,389.03,1373.24,2534.8096052631577
C1,NC,431.79,1421.44,2465.8435294117644
C1,NC,418.66,1327.3,2515.139237668161
C1,NC,395.7,1184.64,2496.7400254452928
C1,NC,376.89,1362.11,2534.654645669291
C1,NC,387.61,1268.82,2409.5778888888885
C1,NC,411.14,1379.7,2554.1664473684214
C1,NC,427.59,1274.93,2450.0750000000003
C1,NC,357.48,1399.94,2489.9489247311835
C1,NC,385.08,1371.51,2494.701967213115
C1,NC,391.4,1142.72,2419.98128440367
C1,NC,411.99,1513.9,2528.887401574804
C1,NC,386.15,1525.79,2596.546
C1,NC,396.22,1162.91,2470.754956521739
C1,NC,401.43,1380.44,2467.6964705882356
C1,NC,380.32,1386.45,2455.1668493150687
C1,NC,405.6,1539.16,2595.491927083333
C1,NC,440.95,1400.52,2532.212864321608
C1,NC,369.46,1425.53,2597.8417821782173
C1,NC,397.88,1307.86,2452.2206493506496
C1,NC,387.45,1447.41,2535.920355555556
C1,NC,385.67,1305.23,2473.602321428571
C1,NC,382.44,1410.44,2443.94053030303
C1,NC,394.52,1222.3,2561.9060000000004
C1,NC,437.42,1358.46,2584.2830379746833
C1,NC,425.95,1517.19,2581.2571612903225
C1,NC,400.83,1003.59,2471.1531428571425
C1,NC,409.65,1246.58,2401.11609375
C1,NC,401.72,1318.8,2550.7841025641023
C1,NC,400.18,1311.32,2491.979351351351
C1,NC,351.47,1263.88,2518.5053393665157
C1,NC,393.36,1589.86,2608.8536453201973
C1,NC,410.85,1357.81,2565.7155782312925
C1,NC,429.05,1222.47,2568.905971223022
C1,NC,415.35,1346.41,2493.065083798883
C1,NC,411.45,1486.73,2595.7580000000003
C1,NC,357.46,1436.98,2547.512643678161
C1,NC,433.63,1250.41,2512.0699999999997
C1,NC,462.46,1028.91,2350.725
C1,NC,308.84,1231.99,2530.418913043478
C1,NC,415.15,1313.61,2472.013980099503
C1,NC,375.46,1315.72,2526.5551127819544
C1,NC,402.87,1160.0,2552.455588235294
C1,NC,388.58,1491.77,2611.169793814433
C1,NC,412.54,1353.19,2630.862585034014
C1,NC,402.97,1360.01,2643.420990990991
C1,NC,404.29,1259.36,2525.334215384615
C1,NC,424.2,1335.87,2437.4051960784313
C1,NC,403.86,1676.92,2622.1160714285716
C1,NC,409.46,1668.62,2646.8025641025642
C1,NC,417.66,1366.11,2617.7690582959644
C1,NC,364.67,1334.94,2563.1432432432434
C1,NC,445.05,1438.04,2587.296507177033
C1,NC,435.89,1343.92,2549.158934169279
C1,NC,403.7,1396.25,2531.3467460317465
C1,NC,386.81,1360.2,2470.98005
C1,NC,406.95,1311.67,2507.142147239264
C1,NC,432.99,1318.98,2588.2063522012577
C1,NC,400.95,1501.12,2539.4866046511634
C1,NC,405.77,1272.68,2406.9197849462366
C1,NC,425.62,1367.28,2488.5154545454548
C1,NC,341.38,1432.9,2420.74675
C1,NC,329.54,1444.59,2634.8202631578943
C1,NC,409.77,1294.3,2559.463971291866
C1,NC,370.12,1114.51,2480.513368421053
C1,NC,377.55,1288.09,2479.7373636363636
C1,NC,415.35,1398.23,2513.6598230088503
C1,NC,356.68,1005.9,2917.135
C2,NC,384.87,1282.76,2138.818947368421
C2,NC,388.72,1378.85,2372.494551724138
C2,NC,389.18,1400.17,2322.759189189189
C2,NC,362.32,1484.77,2387.609646017699
C2,NC,381.57,1438.61,2397.167610619469
C2,NC,405.06,1290.71,2292.567608695652
C2,NC,450.26,1579.52,2540.4131034482757
C2,NC,394.98,1468.94,2597.9395215311006
C2,NC,438.91,1405.83,2480.5715744680856
C2,NC,383.29,1393.2,2441.99775
C2,NC,425.09,1492.94,2643.681304347826
C2,NC,340.85,1438.6,2246.696375
C2,NC,378.5,1431.64,2401.75074074074
C2,NC,427.97,1369.45,2504.55674556213
C2,NC,447.79,1479.41,2456.4488235294116
C2,NC,383.65,1556.93,2611.4449999999997
C2,NC,575.15,1737.23,2761.113833333334
C2,NC,487.86,1318.42,2454.6836486486486
C2,NC,326.99,1624.71,2443.685853658536
C2,NC,335.93,1386.32,2252.729462365591
C2,NC,391.19,1428.83,2389.8709090909088
C2,NC,369.55,1450.98,2364.8193636363635
C2,NC,348.82,1560.24,2346.6402608695653
C2,NC,443.71,1514.5,2301.2115624999997
C2,NC,376.78,1374.24,2356.43421875
C2,NC,415.76,1235.33,2267.2085454545454
C2,NC,341.97,1528.05,2333.937796610169
C2,NC,484.99,1668.08,2449.6817857142855
C2,NC,466.94,1405.67,2399.3133333333335
C2,NC,363.59,1576.78,2433.403620689656
C2,NC,506.94,1334.56,2379.156623376624
C2,NC,423.62,1888.01,2576.0672222222224
C2,NC,387.2,1548.24,2271.727857142857
C2,NC,440.08,1390.53,2150.233309859155
C2,NC,406.01,1324.55,2371.7906993006995
C2,NC,389.25,1385.18,2346.8539490445855
C2,NC,357.61,1208.15,2266.0364489795916
C2,NC,540.86,1458.11,2405.85652173913
C2,NC,443.3,1342.67,2435.248787878788
C2,NC,602.91,1609.59,2555.7895689655174
C2,NC,378.51,1526.15,2355.077594936709
C2,NC,387.28,1368.97,2234.2110655737706
C2,NC,329.81,1426.35,2330.0228125000003
C2,NC,425.86,1250.99,2265.6319999999996
C2,NC,407.39,1226.07,2212.116716417911
C2,NC,335.32,1242.88,2254.813275862069
C2,NC,427.89,1414.44,2369.158189655173
C2,NC,478.33,1163.84,2496.210333333333
C2,NC,395.01,1171.57,2363.4765346534655
C2,NC,441.57,1497.82,2406.0576041666664
C2,NC,443.02,1365.37,2353.153943661972
C2,NC,384.62,1244.44,2266.404640522876
C2,NC,357.92,1292.34,2292.526898148148
C2,NC,379.35,1291.84,2289.459893617021
C2,NC,394.14,1274.41,2288.8129535864978
C2,NC,418.89,1412.87,2306.3736111111107
C2,NC,403.99,1393.64,2432.101779141104
C2,NC,353.31,1298.82,2359.3224999999998
C2,NC,406.52,1285.61,2464.565483870968
C2,NC,337.48,1500.74,2322.5126470588234
C2,NC,524.53,1360.04,2403.160222222222
C2,NC,372.27,1310.48,2242.587945205479
C2,NC,380.98,1319.56,2266.6967796610165
C2,NC,433.6,1355.06,2361.3001834862384
C2,NC,374.65,1356.96,2331.97
C2,NC,319.09,1508.5,2426.9895833333335
C2,NC,428.1,1343.53,2234.9054375
C2,NC,383.13,1490.76,2380.833439490446
C2,NC,409.85,1369.22,2278.0484738955824
C2,NC,515.28,1471.2,2293.291568627451
C2,NC,504.46,1434.58,2319.9593442622954
C2,NC,360.25,1360.32,2255.240405405406
C2,NC,432.94,1264.28,2349.443684210526
C2,NC,505.84,1499.93,2465.9509523809525
C2,NC,500.26,1318.18,2372.3708823529414
C2,NC,390.26,1304.74,2306.2321875
C2,NC,397.76,1186.28,2230.923421052632
C2,NC,380.34,1309.36,2336.6092857142858
C2,NC,408.64,1703.24,2689.8560344827583
C2,NC,325.58,1511.4,2402.2319444444447
C2,NC,330.82,1479.38,2283.8849350649352
C2,NC,353.27,1292.89,2269.872865853659
C2,NC,429.56,1348.52,2390.1908074534163
C2,NC,369.53,1138.66,2267.647486631016
C2,NC,457.58,1152.35,2260.3848837209307
C2,NC,457.16,1284.1,2342.5858083832336
C2,NC,358.37,1357.18,2252.1384415584416
C2,NC,410.64,1195.61,2311.09352112676
C2,NC,357.62,1308.84,2356.270141843972
C2,NC,353.46,1481.51,2539.2918750000003
C2,NC,366.15,1236.57,2286.3096116504857
C2,NC,377.33,1206.04,2064.8606557377047
C2,NC,399.13,1239.09,2203.813391812865
C2,NC,457.34,1422.59,2411.463818181818
C2,NC,497.68,1319.66,2253.9576315789473
C2,NC,388.64,1380.08,2330.8876033057854
C2,NC,402.32,1349.62,2267.920765306122
C2,NC,386.43,1358.83,2445.8336
C2,NC,452.07,1185.76,2305.229696969697
C2,NC,382.6,1441.39,2374.589732142857
C2,NC,487.36,1349.98,2318.0192920353984
C2,NC,445.95,1473.49,2260.00698630137
C2,NC,476.16,1418.42,2417.350327868852
C2,NC,389.15,1446.33,2319.4034722222223
C2,NC,484.95,1314.14,2357.44705882353
C2,NC,394.12,1408.08,2382.877272727273
C2,NC,378.18,1272.23,2222.56875
C2,NC,375.17,1381.71,2293.6981140350877
C2,NC,423.55,1280.55,2257.0297752808983
C2,NC,408.37,1401.91,2308.1047999999996
C2,NC,365.69,1504.11,2358.301935483871
C2,NC,359.5,1142.67,2316.087963800905
C2,NC,393.26,1350.25,2255.8870183486238
C2,NC,467.77,1284.0,2336.7774331550804
C2,NC,508.17,1342.71,2385.795
C2,NC,401.71,1261.45,2300.5642718446607
C2,NC,389.33,1419.37,2337.8813333333333
C2,NC,333.54,1428.13,2337.826734693878
C2,NC,435.06,1533.57,2359.990571428571
C2,NC,426.72,1268.45,2351.8108943089433
C3,NC,512.61,1736.29,2624.3402362204724
C3,NC,542.23,1698.97,2721.7473267326727
C3,NC,518.22,1570.44,2569.1283613445376
C3,NC,600.02,1610.28,2856.505037037037
C3,NC,534.59,1734.98,2794.520254237288
C3,NC,532.26,1777.07,2706.621581395349
C3,NC,524.11,1601.45,2652.585479452055
C3,NC,662.2,1589.44,2797.0838679245285
C3,NC,534.43,1561.83,2587.689195402299
C3,NC,558.06,1718.06,2744.8563698630137
C3,NC,595.95,1596.02,2654.475722891566
C3,NC,537.6,1589.75,2625.745087719298
C3,NC,527.04,1508.7,2501.095496688742
C3,NC,537.37,1623.94,2515.244975369458
C3,NC,465.84,1868.94,2766.1758823529417
C3,NC,287.78,1262.09,2126.886206896552
C3,NC,555.99,1685.34,2707.8027251184835
C3,NC,517.78,1897.08,2775.422532467533
C3,NC,477.09,1510.9,2515.2942007434945
C3,NC,465.76,1656.11,2694.735757575758
C3,NC,514.76,1605.21,2537.983956043956
C3,NC,501.77,1605.08,2599.005039370079
C3,NC,563.58,1787.58,2643.224363636364
C3,NC,519.77,1722.89,2756.4289958158997
C3,NC,486.59,1664.76,2646.183503649635
C3,NC,483.73,1628.3,2573.6785106382977
C3,NC,519.27,1680.34,2692.192564102564
C3,NC,547.74,1528.27,2529.186622516556
C3,NC,494.33,1666.64,2675.5227113702626
C3,NC,378.16,1663.79,2605.323152173913
C3,NC,534.16,1715.63,2735.3539310344827
C3,NC,485.4,2016.85,2860.3258333333333
C3,NC,570.92,1567.86,2645.5961460446247
C3,NC,511.14,1569.82,2537.48537037037
C3,NC,511.79,1615.69,2687.3227127659575
C3,NC,566.92,1637.62,2736.1930275229356
C3,NC,449.05,1662.51,2548.4392982456143
C3,NC,499.13,1714.36,2691.007641509434
C3,NC,524.3,1828.75,2780.286978021978
C3,NC,445.38,1798.56,2786.0837688442207
C3,NC,515.42,1501.2,2549.1033333333335
C3,NC,559.43,1435.76,2738.6686956521735
C3,NC,425.59,1503.78,2687.7766153846155
C3,NC,447.83,1692.4,2587.7342857142858
C3,NC,528.71,1614.97,2720.0596350364963
C3,NC,427.23,1613.25,2563.3610596026488
C3,NC,530.66,1844.37,2837.6289285714283
C3,NC,494.31,1490.46,2566.922798742138
C3,NC,698.08,1903.2,2915.8417391304342
C3,NC,480.77,1585.04,2663.965076923077
C3,NC,486.26,1592.03,2600.0898076923077
C3,NC,560.85,1766.19,2737.093571428571
C3,NC,464.26,1792.81,2726.3001257861633
C3,NC,622.02,2036.14,2819.84
C3,NC,526.77,1607.48,2625.823558718861
C3,NC,463.48,1454.66,2668.5883333333336
C3,NC,596.01,1559.03,2667.9920512820513
C3,NC,502.65,1555.3,2535.4500872600347
C3,NC,448.95,1344.52,2681.744761904762
C3,NC,525.54,1692.68,2699.6367213114754
C3,NC,606.55,1614.2,2667.0981140350877
C3,NC,627.68,1993.22,2943.8229285714287
C3,NC,557.63,1352.07,2546.6716
C3,NC,584.32,1549.35,2672.703870967742
C3,NC,611.47,1566.5,2611.7567741935486
C3,NC,470.03,1496.14,2639.467637130802
C3,NC,554.04,1555.57,2687.793828996282
C3,NC,504.52,1694.27,2643.6734146341464
C3,NC,609.67,1549.7,2724.653967391304
C3,NC,479.62,1367.12,2630.3749479166668
C3,NC,440.32,1704.19,2672.0880434782616
C3,NC,548.72,1650.44,2669.407180851064
C3,NC,509.23,1629.9,2737.322903225807
C3,NC,515.13,1595.84,2695.3907834101383
C3,NC,514.9,1700.22,2620.026571428572
C3,NC,461.18,1512.45,2571.7581437125746
C3,NC,441.5,1635.25,2720.5452083333334
C3,NC,502.7,1684.38,2641.517152317881
C3,NC,523.4,1594.06,2584.4184153005467
C3,NC,506.09,1707.83,2690.061933842239
C3,NC,600.27,1531.63,2682.434266666666
C3,NC,520.22,1677.57,2779.6273437500004
C3,NC,627.06,1408.67,2576.3127884615387
C3,NC,563.67,1324.83,2606.7651181102365
C3,NC,432.35,1900.68,2723.834491017964
C3,NC,537.17,1601.28,2690.545896860987
C3,NC,536.34,1554.38,2652.4793269230768
C3,NC,468.18,1609.27,2622.523949579832
C3,NC,566.22,1718.21,2794.8507446808508
C3,NC,526.01,1723.41,2812.129393939394
C4,NC,459.23,1371.94,2641.2271428571435
C4,NC,438.99,1582.6,2558.4400000000005
C4,NC,398.29,1593.67,2694.6889208633092
C4,NC,530.61,1375.34,2689.6861538461535
C4,NC,475.62,1516.06,2687.1148469387754
C4,NC,546.25,1480.98,2809.968701298701
C4,NC,406.08,2031.98,2873.1742519685035
C4,NC,416.36,1725.46,2735.1536
C4,NC,364.3,1869.25,2755.14
C4,NC,525.68,1795.69,2778.7519672131143
C4,NC,445.8,1730.1,2745.3392763157894
C4,NC,416.65,1796.67,2715.626091954023
C4,NC,437.26,1288.46,2671.5939516129033
C4,NC,470.48,1646.89,2543.8568421052637
C4,NC,465.94,1683.96,2630.6045508982033
C4,NC,398.51,1876.0,2737.949037037037
C4,NC,471.42,1599.08,2583.86691588785
C4,NC,473.58,1620.61,2632.5312871287133
C4,NC,370.65,2035.66,2817.0069791666665
C4,NC,534.66,1811.89,2715.6246
C4,NC,414.14,1995.27,2783.8063428571427
C4,NC,444.03,1482.09,2573.9938775510204
C4,NC,464.83,968.11,2376.687317073171
C4,NC,433.47,1244.71,2428.011261261261
C4,NC,432.21,1671.42,2634.580909090909
C4,NC,496.88,1663.27,2675.0872661870503
C4,NC,438.51,1407.15,2610.6693939393936
C4,NC,491.37,1590.38,2620.5223188405794
C4,NC,431.99,1476.48,2688.3288888888883
C4,NC,397.48,1862.17,2653.754136363636
C4,NC,481.07,1495.29,2483.1529508196722
C4,NC,417.38,1517.96,2675.820672268908
C4,NC,498.84,1469.42,2724.628450704225
C4,NC,453.13,1046.02,2604.5678021978024
C4,NC,479.63,1516.85,2678.745923566879
C4,NC,334.22,1189.83,2411.3044999999997
C4,NC,469.31,1740.75,2693.3724590163933
C4,NC,505.44,1649.47,2664.3300840336137
C4,NC,436.94,1482.61,2621.2377450980393
C4,NC,454.57,1473.73,2655.781333333333
C4,NC,402.54,1769.18,2702.6540217391303
C4,NC,553.66,1347.96,2686.2232911392402
C4,NC,412.41,1660.45,2710.622892156863
C4,NC,470.68,1638.39,2480.4432544378697
C4,NC,508.62,1198.93,2800.0056
C4,NC,552.4,1769.22,2826.5759154929574
C4,NC,428.28,1856.9,2751.469529411764
C4,NC,422.98,1083.43,2646.6718867924533
C4,NC,487.66,1745.28,2766.9298351648354
C4,NC,534.83,1752.23,2753.4545652173915
C4,NC,368.26,1641.58,2703.0323943661974
C4,NC,445.46,1282.35,2545.057191011236
C4,NC,527.43,1619.83,2806.7657446808507
C4,NC,460.15,1602.27,2698.857484662577
C4,NC,488.37,1480.69,2564.668421052632
C4,NC,566.19,1201.53,2927.129333333333
C4,NC,513.31,1679.14,2770.1675572519084
C4,NC,403.21,1759.52,2726.1830232558136
C4,NC,482.36,1353.34,2647.4394214876033
C4,NC,493.95,1355.65,2612.616707317073
C4,NC,503.03,1608.28,2782.201692307692
C4,NC,461.63,1588.66,2698.9817142857137
C4,NC,493.72,1599.06,2670.5806249999996
C4,NC,412.56,1488.95,2626.098695652174
C4,NC,531.34,1593.04,2763.0096273291924
C4,NC,502.56,1616.36,2690.6477941176468
C4,NC,406.69,1604.73,2650.625882352941
C4,NC,373.4,1266.65,2413.6786249999996
C4,NC,447.13,1507.92,2693.4703797468355
C4,NC,517.46,1523.49,2750.6752564102567
C4,NC,477.93,1524.83,2621.356235294117
C4,NC,478.0,1927.62,2863.9975974025974
C4,NC,420.01,1305.59,2519.254112149533
C4,NC,427.95,1577.16,2692.3476515151515
C4,NC,485.82,1602.08,2760.619433962264
C4,NC,487.09,1535.85,2567.2092771084335
C4,NC,459.19,1745.05,2828.2293333333337
C4,NC,535.26,1390.69,2504.550823529411
C4,NC,447.39,1343.27,2500.191486486486
C4,NC,430.79,1760.33,2580.429811320754
C5,NC,438.26,1371.97,2716.922071005917
C5,NC,469.05,1592.87,2697.05809375
C5,NC,490.81,1463.79,2633.7496883116883
C5,NC,358.87,1374.3,2599.829382716049
C5,NC,507.55,1383.44,2577.5880597014925
C5,NC,439.33,1663.29,2694.8445890410962
C5,NC,482.45,1274.13,2540.105769230769
C5,NC,494.89,1566.57,2750.8051199999995
C5,NC,345.08,1178.89,2634.7165573770494
C5,NC,488.57,1479.87,2604.081304347826
C5,NC,433.28,1571.31,2776.4990517241376
C5,NC,415.83,1003.99,2402.0007692307695
C5,NC,450.57,1578.67,2703.77176
C5,NC,511.42,1582.75,2670.7789189189193
C5,NC,502.99,1443.05,2688.3165346534656
C5,NC,475.13,1600.57,2691.6588832487314
C5,NC,453.55,1327.31,2521.925826086957
C5,NC,476.1,1614.45,2726.5345454545454
C5,NC,424.71,1971.81,2880.348
C5,NC,508.89,1648.77,2669.118059701493
C5,NC,515.33,1632.24,2712.082137931034
C5,NC,387.93,1700.92,2755.4958666666666
C5,NC,518.32,1581.57,2669.1179439252337
C5,NC,456.08,1410.99,2635.457037037037
C5,NC,481.12,1643.17,2666.9029914529915
C5,NC,450.99,1407.99,2667.3390144230766
C5,NC,435.03,1578.28,2728.0796
C5,NC,439.52,1598.72,2772.2799999999997
C5,NC,442.64,1536.22,2717.540463917526
C5,NC,443.05,1725.75,2805.17324137931
C5,NC,473.94,1502.84,2689.085454545455
C5,NC,491.15,1324.54,2667.6462903225806
C5,NC,462.02,1900.74,2810.201609195402
C5,NC,495.99,1512.95,2606.624825174825
C5,NC,528.28,1464.08,2537.1891189427315
C5,NC,392.29,1513.06,2798.4867901234566
C5,NC,442.28,1515.76,2717.1030000000005
C5,NC,490.89,1498.49,2579.254325581395
C5,NC,474.53,1639.28,2629.7627692307697
C5,NC,442.86,1361.37,2631.806951672863
C5,NC,435.49,1663.56,2656.7908108108104
C5,NC,634.35,1477.52,2496.5795238095234
C5,NC,443.19,1416.87,2692.793876811594
C5,NC,506.53,1531.65,2722.4129411764707
C5,NC,399.33,1897.17,2810.876546391753
C5,NC,441.18,1417.05,2581.278617021276
C5,NC,495.31,1396.71,2612.7596491228073
C5,NC,465.56,1600.03,2636.255229357798
C5,NC,461.26,1765.89,2662.235714285714
C5,NC,474.86,1604.72,2713.709036144578
C5,NC,507.66,1306.63,2473.098717948718
C5,NC,523.67,1541.59,2587.8624137931038
C5,NC,413.19,1621.75,2709.55981981982
C5,NC,461.06,1353.88,2606.0219211822664
C5,NC,448.0,1301.4,2520.7503164556965
C5,NC,506.79,1926.39,2787.383088235294
C5,NC,479.33,1395.02,2586.9560784313726
C5,NC,534.0,1481.69,2650.6977669902913
C5,NC,490.79,1375.3,2681.536210526316
C5,NC,480.54,1601.21,2627.678536585366
C5,NC,457.63,1649.2,2621.827340425532
C5,NC,422.78,1146.57,2500.5960869565215
C5,NC,487.97,1537.42,2625.1398540145988
C5,NC,423.13,1407.93,2632.3681220657277
C5,NC,463.01,1383.12,2584.7715384615385
C5,NC,493.69,1295.99,2576.263510638298
C5,NC,498.3,1459.62,2568.4801195219125
C5,NC,474.72,1605.55,2745.7411578947367
C5,NC,491.35,1317.61,2596.659957264957
C5,NC,426.84,1504.12,2642.430744680851
C5,NC,583.65,1350.39,2394.56088607595
C5,NC,445.69,1302.08,2552.691333333333
C5,NC,486.16,1594.92,2658.3438571428565
C5,NC,466.75,1380.85,2607.3501234567902
C5,NC,489.6,1398.56,2496.2479569892475
C5,NC,457.17,1921.81,2818.5493
C5,NC,509.56,1572.3,2704.5367741935484
C5,NC,426.37,1478.88,2677.4380500000007
C5,NC,424.54,1410.58,2665.268263888889
C5,NC,474.02,1563.67,2645.4986725663716
C5,NC,423.71,1431.28,2704.7851041666668
C5,NC,466.56,1455.86,2614.4908727272727
C5,NC,513.59,1449.4,2567.6473333333333
C5,NC,480.93,1567.0,2673.6914285714283
C5,NC,467.91,1419.79,2672.9620666666665
C5,NC,479.27,1374.4,2678.3401360544217
C5,NC,474.52,1511.96,2738.2700000000004
C5,NC,460.57,1603.56,2809.507659574468
C5,NC,542.31,1489.72,2591.9533333333325
C5,NC,489.19,1913.29,2813.255875
C5,NC,452.99,1432.67,2677.3701052631577
C5,NC,336.92,1403.67,2576.351571428572
C5,NC,416.4,1532.93,2655.8508219178084
C5,NC,491.37,1605.13,2674.7072115384613
C5,NC,482.41,1595.84,2707.948454935622
C5,NC,459.57,1196.73,2664.854705882353
C5,NC,429.04,1344.32,2579.4168907563026
C5,NC,380.75,1626.87,2659.4488043478264
C5,NC,454.1,1464.0,2695.142142857143
C5,NC,528.45,1333.07,2615.7329565217397
C5,NC,468.46,1368.7,2642.5754298642532
C5,NC,403.04,1494.17,2645.2522463768114
C5,NC,514.91,1434.08,2706.2587922705316
C5,NC,444.1,1615.47,2678.10803030303
C5,NC,461.84,1420.57,2539.31078125
C5,NC,504.57,1398.72,2714.6956716417913
C5,NC,511.82,1718.5,2778.2465137614686
C5,NC,481.35,1316.8,2758.4189142857144
C5,NC,476.99,1292.83,2587.9295857988163
C5,NC,465.08,1841.83,2872.944615384615
C5,NC,509.33,1577.65,2536.703333333333
C5,NC,427.48,1476.13,2617.8081761006288
C5,NC,407.96,1351.08,2684.646447368421
C5,NC,451.53,2027.11,2959.9922413793106
C5,NC,491.66,1724.74,2696.043492063492
C5,NC,431.06,1314.25,2653.299835390947
C5,NC,456.0,1454.14,2717.9207563025216
C5,NC,519.61,1509.27,2569.5825490196075
C5,NC,496.22,1475.06,2706.142745098039
C5,NC,441.09,1448.38,2680.286174863388
C5,NC,375.34,1204.75,2519.6217355371905
C5,NC,461.94,1432.84,2725.547857142857
C5,NC,302.26,1182.96,2582.146571428572
C5,NC,462.58,1569.82,2793.5206097560977
C5,NC,439.01,1489.19,2700.3897767857147
C6,NC,423.51,1559.36,2491.7406451612906
C6,NC,438.37,1179.41,2434.824441087613
C6,NC,473.25,1212.41,2478.7703703703705
C6,NC,486.7,1305.52,2498.9382580645156
C6,NC,414.25,1369.2,2400.01568627451
C6,NC,409.9,1356.43,2573.38261682243
C6,NC,404.09,1406.05,2477.9617721518985
C6,NC,403.59,1330.2,2359.2212429378533
C6,NC,400.73,1364.37,2472.2136363636364
C6,NC,443.12,1407.32,2582.42101010101
C6,NC,481.25,1073.58,2707.740925925926
C6,NC,400.42,1348.67,2481.459195402299
C6,NC,404.66,1400.38,2484.0054474708177
C6,NC,384.15,1241.24,2319.434444444445
C6,NC,464.02,1407.29,2505.138723404255
C6,NC,453.31,1330.24,2383.9272307692304
C6,NC,441.45,1230.57,2531.5064583333333
C6,NC,422.71,1489.75,2544.481525423728
C6,NC,449.1,1561.5,2505.808775510204
C6,NC,457.89,1270.13,2353.7999999999997
C6,NC,498.63,1308.81,2284.2429473684206
C6,NC,436.22,1282.73,2358.152785714286
C6,NC,425.75,1395.26,2377.4116981132074
C6,NC,403.79,1176.0,2302.229696969697
C6,NC,430.27,1385.24,2519.1542647058823
C6,NC,382.32,1133.49,2489.246198347107
C6,NC,453.74,1404.69,2442.622
C6,NC,450.92,1257.36,2409.2656043956044
C6,NC,423.47,1240.19,2442.108085106383
C6,NC,456.73,1360.51,2327.7291836734694
C6,NC,426.47,1357.62,2512.7104739336496
C6,NC,444.31,1241.5,2538.078255033557
C6,NC,465.43,1258.39,2504.74424778761
C6,NC,477.18,1100.77,2394.1751282051277
C6,NC,482.23,1280.27,2515.818826530612
C6,NC,466.17,1299.92,2440.076373626374
C6,NC,497.16,1432.58,2494.900480769231
C6,NC,482.91,1317.38,2410.3330555555553
C6,NC,467.01,1378.67,2423.463846153846
C6,NC,394.23,1220.48,2458.239901960784
C6,NC,478.04,1430.43,2490.5680272108843
C6,NC,451.39,1265.01,2433.5390206185566
C6,NC,532.05,1301.57,2411.1647938144333
C6,NC,482.36,1265.08,2452.387777777778
C6,NC,388.45,1344.28,2301.892619047619
C6,NC,502.57,1434.88,2327.1135106382976
C6,NC,479.62,1412.56,2379.305430711611
C6,NC,432.56,1236.82,2449.0516666666667
C6,NC,410.9,1267.13,2444.266944444444
C6,NC,377.78,1117.49,2455.687551020408
C6,NC,394.65,1361.07,2428.264300518135
C6,NC,414.66,1330.05,2367.1972903225806
C6,NC,445.67,1021.95,2495.453505154639
C6,NC,449.72,1081.49,2460.7578021978024
C6,NC,377.15,1285.75,2475.437520661157
C6,NC,430.55,1304.92,2467.8088584474885
C6,NC,513.94,1302.56,2484.868421052631
C6,NC,400.16,1393.57,2469.984367816092
C6,NC,463.12,1197.11,2424.9016260162603
C6,NC,368.81,1477.84,2462.493026315789
C6,NC,433.62,1237.72,2513.931984126984
C6,NC,489.72,1283.96,2474.755789473684
C6,NC,528.18,1375.3,2327.973720930233
C6,NC,423.39,1492.05,2504.910109489051
C6,NC,440.45,1198.82,2400.5864601769913
C6,NC,432.93,1473.44,2419.483146067416
C6,NC,448.03,1233.63,2472.8228537170266
C6,NC,431.19,1774.25,2557.071875
C6,NC,414.59,1357.92,2457.83473015873
C6,NC,486.48,1345.51,2469.851695652174
C6,NC,478.35,1342.66,2393.8076608187134
C6,NC,470.55,1396.7,2545.3297520661163
C6,NC,489.9,1364.07,2447.5044366197185
C6,NC,380.68,1582.96,2476.355142857143
C6,NC,437.63,1417.61,2407.053670886076
C6,NC,468.66,1198.35,2420.4486470588236
C6,NC,477.57,1289.87,2453.705138121547
C6,NC,501.39,1096.25,2466.51196969697
C6,NC,440.88,1576.08,2456.4414792899406
C6,NC,462.26,1309.96,2470.4386098654704
C6,NC,456.16,1256.98,2529.764739336493
C6,NC,554.72,1264.29,2488.5207317073173
C6,NC,473.55,1306.59,2503.8097841726617
C6,NC,345.82,1248.71,2460.8190384615386
C6,NC,443.51,1265.0,2381.536405228758
C6,NC,491.78,1249.09,2536.6127906976744
C6,NC,483.5,1215.41,2424.976956521739
C6,NC,480.67,1395.14,2518.7566666666667
C6,NC,452.89,1313.89,2399.7077094972065
C6,NC,436.21,1339.79,2401.0524148606814
C6,NC,506.68,1402.98,2474.05126984127
C6,NC,471.92,1342.58,2402.5084971098263
C6,NC,444.29,1436.94,2421.4279047619048
C6,NC,465.63,1459.04,2435.686413793104
C6,NC,435.15,1413.92,2453.169601328904
C6,NC,420.24,1386.14,2352.6174468085105
C6,NC,414.89,1304.98,2538.9251396648046
C6,NC,454.42,1475.16,2407.6887640449436
C6,NC,480.22,1547.66,2643.5182258064515
C6,NC,444.22,1237.88,2469.8961071428566
C6,NC,393.5,1615.27,2370.8405263157892
C6,NC,403.91,1266.24,2442.814542682927
C6,NC,438.69,1284.2,2451.0428292682923
C6,NC,437.46,1222.96,2484.722272727273
C6,NC,466.78,1280.93,2468.4968888888884
C6,NC,496.71,1503.98,2410.273893129771
C6,NC,449.01,1354.91,2321.104230769231
C6,NC,504.84,1249.83,2526.387872340426
C6,NC,440.03,1114.08,2427.489666666667
C6,NC,411.7,1307.35,2586.212551724138
C6,NC,436.38,1185.18,2436.884925373134
C6,NC,463.68,1298.03,2467.6130263157893
C6,NC,450.22,1382.31,2417.745105263158
C6,NC,462.39,1183.51,2571.0497560975614
C6,NC,444.74,1415.25,2452.1328251121076
C6,NC,433.53,1372.23,2555.366290322581
C6,NC,457.04,1254.77,2568.1296875
C6,NC,462.84,1347.88,2357.064722222222
C6,NC,422.17,1226.88,2512.741087613293
C6,NC,406.89,1655.84,2593.3477570093464
C6,NC,466.7,1407.37,2499.385773809524
C6,NC,380.48,1450.19,2551.2262678062675
C6,NC,418.85,1327.31,2463.8125
C6,NC,405.66,1460.1,2428.224328358209
C6,NC,412.0,1246.63,2453.60182320442
C6,NC,392.22,1252.03,2401.057945205479
C6,NC,422.41,1307.35,2399.086203208556
C6,NC,449.93,1300.77,2516.9554634146343
C1,SSN,464.01,1221.76,2493.436052631579
C1,SSN,425.12,1269.65,2492.6888381742738
C1,SSN,432.76,1215.85,2447.4225396825395
C1,SSN,468.93,1294.55,2560.7056557377045
C1,SSN,394.79,1322.43,2547.1970996978853
C1,SSN,476.17,1259.75,2560.225859375
C1,SSN,441.73,1456.28,2534.131204379562
C1,SSN,412.05,1449.85,2571.953886792453
C1,SSN,481.68,1607.81,2668.229886363636
C1,SSN,421.89,1411.65,2578.5549836065575
C1,SSN,480.1,1396.85,2547.5614893617017
C1,SSN,489.91,1357.1,2575.472383419689
C1,SSN,404.88,1409.77,2614.8215277777776
C1,SSN,450.37,1513.93,2567.884422110553
C1,SSN,447.57,1345.71,2537.6533561643837
C1,SSN,473.07,1472.79,2471.353440860215
C1,SSN,458.26,1555.65,2555.8395061728397
C1,SSN,426.21,1416.96,2515.0858100558657
C1,SSN,436.63,1474.34,2604.245
C1,SSN,391.98,1465.52,2492.0444374999997
C1,SSN,440.0,1320.07,2534.380638297873
C1,SSN,455.99,1394.9,2596.450173010381
C1,SSN,492.66,1419.42,2617.6318125000003
C1,SSN,429.21,1319.75,2518.6104322766573
C1,SSN,397.73,1436.3,2580.3237435897436
C1,SSN,495.69,1311.75,2513.8892664092664
C1,SSN,449.91,1631.36,2617.4142056074766
C1,SSN,426.01,1317.77,2524.3899596774195
C1,SSN,495.82,1526.0,2525.0479487179496
C1,SSN,448.25,1395.8,2565.29297752809
C1,SSN,446.59,1536.83,2590.389419642857
C1,SSN,435.13,1377.21,2546.044744897959
C1,SSN,453.7,1288.5,2414.7078813559324
C1,SSN,423.24,1365.55,2562.783217054264
C1,SSN,425.11,1357.81,2494.970752688172
C1,SSN,445.2,1256.0,2539.605925925926
C1,SSN,421.32,1394.19,2521.4217283950616
C1,SSN,429.74,1403.44,2598.5475238095237
C1,SSN,443.96,1439.38,2523.792490118577
C1,SSN,397.2,1539.21,2556.5531147540987
C1,SSN,431.94,1637.06,2611.160754716981
C1,SSN,434.87,1612.29,2480.3253289473687
C1,SSN,419.2,1487.14,2536.9798876404498
C1,SSN,438.14,1335.87,2550.7850563909774
C1,SSN,316.27,1520.57,2610.5070731707315
C1,SSN,393.95,1524.66,2533.9960606060604
C1,SSN,416.09,1359.14,2503.5073033707863
C1,SSN,416.57,1355.26,2569.0126587301584
C1,SSN,414.12,1389.66,2538.7314945054945
C1,SSN,414.49,1398.93,2518.6142647058823
C1,SSN,375.66,1444.07,2595.93248
C1,SSN,387.83,1218.39,2543.5160536398466
C1,SSN,407.03,1390.82,2525.3337674418603
C1,SSN,366.07,1582.64,2599.009158878505
C1,SSN,414.63,1304.91,2535.409047619047
C1,SSN,427.53,1295.96,2525.8784328358206
C1,SSN,419.71,1257.11,2569.136253869969
C1,SSN,423.91,1630.53,2581.5763095238094
C1,SSN,371.82,1461.46,2587.688775510204
C1,SSN,404.86,1593.12,2610.833473053892
C1,SSN,483.28,1613.89,2604.4726666666666
C1,SSN,477.16,1191.2,2557.6109493670883
C1,SSN,452.74,1405.09,2594.710720338983
C1,SSN,446.72,1522.17,2636.1909333333338
C1,SSN,412.41,1477.27,2602.4606862745095
C1,SSN,452.03,1134.84,2493.4893125
C1,SSN,449.18,1330.38,2521.565168539326
C1,SSN,431.76,1499.07,2562.5891366906476
C1,SSN,466.9,1504.81,2557.1424038461537
C1,SSN,397.98,1229.45,2575.381583710407
C1,SSN,453.44,1328.24,2603.235340909091
C1,SSN,376.85,1302.24,2498.0278571428576
C1,SSN,428.77,1308.39,2552.229303797468
C1,SSN,457.87,1587.1,2320.8148
C1,SSN,434.73,1364.57,2486.1991770573563
C1,SSN,482.61,1372.36,2390.126310679612
C1,SSN,432.59,1293.05,2402.6194761904762
C1,SSN,429.51,1287.59,2531.024601769912
C1,SSN,433.47,1360.06,2528.751067961165
C2,SSN,399.34,1266.91,2245.071492537314
C2,SSN,419.8,1358.33,2298.9160736196322
C2,SSN,452.9,1466.7,2355.6328703703707
C2,SSN,500.29,1323.81,2417.4656666666665
C2,SSN,451.88,1399.43,2502.4640677966104
C2,SSN,508.22,1424.33,2500.061732283465
C2,SSN,465.58,1381.21,2396.3347008547007
C2,SSN,465.93,1459.54,2490.69013029316
C2,SSN,468.41,1474.39,2475.058119891008
C2,SSN,336.05,1333.87,2330.1497499999996
C2,SSN,460.92,1423.52,2361.777027027027
C2,SSN,512.15,1225.89,2396.4496202531645
C2,SSN,373.73,1456.91,2293.1307114624506
C2,SSN,640.88,1325.34,2583.754423076923
C2,SSN,526.76,1289.47,2321.1022222222223
C2,SSN,428.66,1452.59,2439.805402298851
C2,SSN,490.05,1544.81,2339.158913043478
C2,SSN,464.13,1445.37,2409.519487179487
C2,SSN,484.0,1464.07,2502.693114754098
C2,SSN,422.77,1436.24,2527.2706569343063
C2,SSN,456.0,1340.92,2306.685875706214
C2,SSN,441.09,1328.84,2345.220031545741
C2,SSN,464.84,1488.44,2512.723583333333
C2,SSN,422.59,1490.21,2335.831276595745
C2,SSN,390.12,1520.17,2461.4467741935487
C2,SSN,516.57,1427.96,2438.4052631578943
C2,SSN,465.69,1441.61,2471.06140625
C2,SSN,415.35,1380.36,2367.539854651163
C2,SSN,405.86,1532.23,2396.128265306122
C2,SSN,438.03,1399.64,2414.8752688172044
C2,SSN,484.38,1557.09,2476.645507246377
C2,SSN,417.0,1408.83,2377.666161616162
C2,SSN,428.89,1326.37,2489.0922448979595
C2,SSN,487.46,1477.35,2429.75475
C2,SSN,376.52,1636.42,2431.9269642857143
C2,SSN,448.79,1356.24,2336.876290322581
C2,SSN,412.14,1313.11,2420.6865447154473
C2,SSN,473.41,1399.12,2397.087936507937
C2,SSN,469.24,1301.15,2382.144702970297
C2,SSN,415.13,1505.87,2443.1162641509436
C2,SSN,461.29,1339.69,2368.1545360824744
C2,SSN,461.36,1400.77,2465.949440993789
C2,SSN,469.76,1645.15,2462.4550000000004
C2,SSN,525.9,1328.35,2515.3904444444447
C2,SSN,351.33,1275.91,2267.314772727273
C2,SSN,464.13,1469.07,2342.093157894737
C2,SSN,493.48,1313.79,2433.6819607843136
C2,SSN,410.8,1417.44,2344.6110050251255
C2,SSN,389.29,1604.43,2580.1273015873016
C2,SSN,442.47,1548.47,2478.6617333333334
C2,SSN,417.91,1394.92,2376.210079365079
C2,SSN,404.18,1380.58,2364.622111111111
C2,SSN,442.1,1387.1,2318.314198717949
C2,SSN,441.86,1392.33,2381.8695437262354
C2,SSN,484.01,1434.0,2402.1258857142857
C2,SSN,425.09,1270.69,2268.1157142857146
C2,SSN,401.62,1477.18,2310.099455782313
C2,SSN,418.82,1409.76,2299.810691489362
C2,SSN,463.74,1374.9,2362.116171171171
C2,SSN,457.28,1409.12,2345.0016078431368
C2,SSN,451.66,1352.32,2410.7757031250003
C2,SSN,472.52,1426.39,2368.1990476190476
C2,SSN,457.02,1438.07,2398.8081067961166
C2,SSN,495.89,1406.42,2378.735238095238
C2,SSN,432.49,1360.54,2439.990263157895
C2,SSN,423.07,1466.5,2452.437709923664
C2,SSN,478.21,1358.87,2327.3383333333336
C2,SSN,495.79,1339.79,2329.300566037736
C2,SSN,402.39,1429.79,2374.938547717842
C2,SSN,473.63,1277.25,2345.0063313609467
C2,SSN,429.55,1451.9,2296.77186440678
C2,SSN,399.95,1373.98,2327.0884592145017
C2,SSN,467.05,1373.08,2377.939732824427
C2,SSN,381.69,1583.98,2495.4488025889964
C2,SSN,450.15,1315.48,2322.1854210526317
C2,SSN,417.69,1323.43,2342.70559602649
C2,SSN,429.5,1436.51,2413.289135802469
C2,SSN,396.69,1327.4,2288.1497
C2,SSN,449.57,1510.04,2421.760789473684
C2,SSN,423.48,1373.29,2414.8762809917353
C2,SSN,433.06,1471.91,2426.0557419354836
C2,SSN,447.89,1375.99,2240.394333333333
C2,SSN,459.01,1489.72,2375.2863909774437
C2,SSN,449.62,1416.25,2346.824696969697
C2,SSN,437.87,1445.92,2418.4088590604024
C2,SSN,520.16,1389.7,2394.7587671232877
C2,SSN,436.34,1376.27,2451.985137931035
C2,SSN,463.91,1404.03,2406.1271124620057
C2,SSN,404.67,1495.79,2376.119234972678
C2,SSN,470.27,1183.02,2224.8020987654318
C2,SSN,410.13,1365.14,2288.6573563218394
C2,SSN,434.35,1423.42,2435.6849470899474
C2,SSN,401.01,1296.0,2309.241363636364
C2,SSN,429.44,1286.12,2427.5901013513517
C2,SSN,396.3,1275.51,2293.1954545454546
C2,SSN,462.02,1548.29,2407.3941904761905
C2,SSN,535.85,1160.69,2542.5966129032263
C2,SSN,401.95,1535.35,2377.4734710743805
C2,SSN,452.94,1250.98,2410.1190055248617
C2,SSN,420.57,1359.72,2339.906344827586
C2,SSN,438.12,1360.28,2336.285019011407
C2,SSN,484.01,1262.89,2327.849913793103
C2,SSN,431.68,1347.08,2303.1830322580645
C2,SSN,446.52,1080.27,2278.1342045454544
C2,SSN,477.86,1175.48,2339.5554901960786
C2,SSN,439.21,1378.2,2355.5085304659497
C2,SSN,467.19,1371.78,2338.4634343434345
C2,SSN,410.32,1506.44,2423.617564102564
C2,SSN,417.34,1285.23,2367.948851674641
C2,SSN,378.73,1455.31,2361.7109478672987
C2,SSN,437.86,1345.54,2364.6956372549016
C2,SSN,462.81,1333.88,2413.72
C2,SSN,455.54,1369.92,2480.0338675958187
C2,SSN,440.65,1343.03,2219.497096774194
C2,SSN,409.11,1316.47,2331.2264539007097
C2,SSN,465.35,1262.73,2319.284529262087
C2,SSN,530.44,1218.0,2337.031477272727
C2,SSN,414.81,1397.28,2345.7784155844156
C2,SSN,555.45,1807.86,2646.105
C2,SSN,398.5,1412.42,2354.856358381503
C2,SSN,451.04,1232.03,2308.2197142857144
C2,SSN,400.46,1358.84,2340.0128980891723
C2,SSN,443.3,1461.47,2428.354278846154
C2,SSN,413.32,1347.84,2270.3858854166665
C2,SSN,481.02,1495.72,2390.065762711864
C2,SSN,431.94,1362.57,2250.383367346939
C2,SSN,489.17,1420.07,2380.5853636363636
C2,SSN,418.75,1382.07,2303.7128313253015
C2,SSN,478.17,1484.28,2395.35975
C2,SSN,457.37,1428.13,2283.506875
C2,SSN,416.55,1384.92,2348.069407407407
C2,SSN,426.17,1429.85,2321.030606060606
C2,SSN,354.91,1526.05,2444.421875
C2,SSN,495.56,1394.26,2379.170090909091
C2,SSN,501.27,1298.38,2405.4113583138173
C2,SSN,622.88,1352.21,2405.2549999999997
C2,SSN,523.06,1278.33,2287.7393023255813
C2,SSN,469.42,1358.74,2401.5391549295773
C2,SSN,376.58,1637.93,2427.5008823529406
C2,SSN,483.23,1279.97,2375.061542056075
C2,SSN,479.85,1437.99,2453.3188421052637
C2,SSN,516.41,1448.91,2355.6184210526317
C2,SSN,495.96,1421.11,2440.0130555555556
C3,SSN,597.3,1638.35,2623.9743617021277
C3,SSN,500.92,1415.19,2645.8245864661653
C3,SSN,589.99,1601.92,2695.7996721311483
C3,SSN,579.06,1565.27,2620.217930434783
C3,SSN,573.1,1596.45,2630.752868421053
C3,SSN,528.57,1511.05,2616.741434782609
C3,SSN,533.42,1517.4,2466.849756097561
C3,SSN,526.56,1432.26,2297.7582258064517
C3,SSN,578.29,1660.44,2641.0946099290777
C3,SSN,539.65,1581.11,2555.20094488189
C3,SSN,698.89,1373.61,2398.583548387097
C3,SSN,536.57,1267.3,2416.472451923077
C3,SSN,567.69,1523.67,2592.5589655172416
C3,SSN,633.91,1588.72,2634.6859205776173
C3,SSN,553.82,1504.72,2679.487295081967
C3,SSN,579.61,1591.64,2693.151302931596
C3,SSN,672.82,1646.39,2694.7708943089433
C3,SSN,594.42,1470.17,2609.8837358490564
C3,SSN,589.97,1407.26,2356.377212121212
C3,SSN,548.74,1615.57,2721.169880952381
C3,SSN,513.33,1568.11,2670.860991735537
C3,SSN,540.97,1591.52,2522.476372315036
C3,SSN,561.5,1437.53,2524.286549295775
C3,SSN,893.01,1700.91,2679.253617021277
C3,SSN,525.15,1483.96,2512.0843959731546
C3,SSN,421.58,1175.86,2485.8767857142857
C3,SSN,595.06,1408.9,2436.5599999999995
C3,SSN,593.02,1748.92,2431.0283018867926
C3,SSN,577.22,1711.03,2574.875581395349
C3,SSN,594.58,1530.4,2551.756942675159
C3,SSN,594.6,1536.55,2504.9603645833336
C3,SSN,591.3,1614.57,2456.145415162455
C3,SSN,616.04,1368.43,2528.1316049382717
C3,SSN,545.6,1575.86,2606.6519426751593
C3,SSN,605.56,1623.12,2557.384645390071
C3,SSN,494.11,1341.26,2459.2893103448278
C3,SSN,555.73,1375.77,2547.7810389610386
C3,SSN,471.4,1360.2,2607.8788297872343
C3,SSN,487.6,1554.06,2354.386958174905
C3,SSN,563.06,1455.19,2495.656112359551
C3,SSN,587.98,1280.36,2342.8953125000003
C3,SSN,575.03,1628.36,2546.945791044776
C3,SSN,532.05,1636.8,2601.5492890995256
C3,SSN,582.01,1577.54,2660.5375778546713
C3,SSN,513.87,1556.96,2567.8761507936506
C3,SSN,637.48,1404.96,2436.003184713376
C3,SSN,549.18,1548.68,2615.346626506024
C3,SSN,564.66,1441.96,2549.436509186352
C3,SSN,571.29,1191.77,2535.3158441558444
C3,SSN,624.84,1534.17,2577.163228699551
C3,SSN,581.03,1479.52,2452.4134708737865
C3,SSN,535.56,1460.8,2622.825945945946
C3,SSN,512.53,1520.41,2611.003387096774
C3,SSN,622.79,1396.76,2507.387796052632
C3,SSN,517.03,1597.45,2591.9640789473688
C3,SSN,581.62,1606.71,2645.9533101045295
C3,SSN,586.84,1662.53,2452.0193820224717
C3,SSN,554.3,1604.0,2375.9584313725495
C3,SSN,579.79,1563.51,2613.5381651376147
C3,SSN,577.76,1551.1,2626.0482075471696
C3,SSN,587.38,1534.56,2631.066494845361
C3,SSN,596.49,1702.76,2569.3375949367087
C3,SSN,613.34,1457.58,2524.1749230769233
C3,SSN,575.94,1482.01,2507.928764044944
C3,SSN,553.23,1527.93,2397.76293814433
C3,SSN,584.68,1469.99,2495.4434983498354
C3,SSN,544.19,1699.35,2567.3710426540288
C3,SSN,585.64,1431.31,2570.97797979798
C3,SSN,594.1,1306.31,2444.2075000000004
C3,SSN,613.38,1680.69,2646.9654022988507
C3,SSN,568.43,1553.28,2553.9344763513513
C3,SSN,626.05,1593.07,2501.7073728813557
C3,SSN,589.29,1407.78,2463.854935064935
C3,SSN,554.48,1698.55,2725.405294117647
C3,SSN,548.77,1411.17,2634.3954597701145
C3,SSN,487.11,1592.38,2672.9155629139073
C3,SSN,514.64,1390.74,2563.9152117263843
C3,SSN,640.02,1656.08,2531.884971590909
C3,SSN,526.57,1403.89,2588.383356643357
C3,SSN,571.99,1688.92,2629.576291390729
C3,SSN,512.74,1571.83,2572.9308294930875
C3,SSN,607.95,1506.64,2608.8852611940297
C3,SSN,534.59,1614.35,2589.154868421053
C3,SSN,562.1,1618.06,2610.1745149253734
C3,SSN,640.79,1438.52,2568.3484390243907
C3,SSN,530.8,1310.74,2450.702777777778
C3,SSN,613.27,1680.65,2697.175325443787
C3,SSN,533.36,1452.42,2554.226610169492
C3,SSN,639.49,1586.8,2539.3537912087913
C3,SSN,469.4,1383.17,2434.061818181818
C3,SSN,588.44,1614.0,2580.0190492957745
C3,SSN,550.48,1603.14,2678.7949668874176
C4,SSN,533.85,1500.08,2661.9613698630137
C4,SSN,507.2,1578.44,2682.6583478260877
C4,SSN,556.17,1724.88,2535.2276344086026
C4,SSN,456.92,1540.93,2573.7245263157897
C4,SSN,597.07,1451.38,2745.628787878788
C4,SSN,372.67,2023.17,2778.8093939393943
C4,SSN,505.58,1536.51,2689.6385903083697
C4,SSN,478.05,1637.3,2562.1380000000004
C4,SSN,546.54,2027.46,2749.729677419355
C4,SSN,528.45,1554.24,2624.1549397590366
C4,SSN,514.88,1748.83,2619.222580645161
C4,SSN,537.19,1863.13,2749.1291666666666
C4,SSN,563.55,1413.31,2658.682500000001
C4,SSN,544.01,1709.83,2756.615328467153
C4,SSN,478.39,1460.98,2565.536528189911
C4,SSN,549.22,1439.88,2658.2583146067414
C4,SSN,533.95,1687.89,2619.5485185185184
C4,SSN,587.24,1658.45,2695.3754918032787
C4,SSN,617.75,1757.43,2669.393666666667
C4,SSN,563.56,1450.72,2623.938625
C4,SSN,490.4,1472.14,2521.5729059829064
C4,SSN,475.23,1219.26,2511.4731782945737
C4,SSN,384.39,1144.7,2289.888309859154
C4,SSN,538.41,1749.81,2731.5522510822507
C4,SSN,526.14,1707.75,2726.6600000000003
C4,SSN,556.99,1678.98,2568.992307692308
C4,SSN,455.25,1416.8,2566.7989999999995
C4,SSN,473.3,1767.28,2667.317197802198
C4,SSN,500.85,1667.64,2605.7253125
C4,SSN,514.77,1691.25,2724.948777777778
C4,SSN,454.6,1970.23,2721.4555102040817
C4,SSN,572.8,1622.96,2772.422857142857
C4,SSN,524.86,1155.45,2608.9630434782607
C4,SSN,515.6,1735.08,2648.0762962962963
C4,SSN,518.06,1629.02,2609.9136363636367
C4,SSN,542.12,1973.39,2703.825081967213
C4,SSN,576.28,1676.41,2750.3941304347823
C4,SSN,641.39,1549.34,2765.4044827586204
C4,SSN,591.85,1555.44,2758.6349122807023
C4,SSN,518.58,1712.89,2800.659609375
C4,SSN,482.57,1362.71,2598.0859310344827
C4,SSN,513.24,1726.7,2680.8407
C4,SSN,479.87,1633.74,2703.4361951219507
C4,SSN,557.8,1661.5,2660.097
C4,SSN,567.8,1580.8,2636.6880434782606
C4,SSN,438.2,1752.47,2631.8718840579704
C4,SSN,505.02,1796.64,2657.343580246914
C4,SSN,549.83,1547.53,2627.168113207547
C4,SSN,378.65,1886.13,2693.151428571429
C4,SSN,545.01,1559.64,2564.946277777778
C4,SSN,504.4,1407.68,2590.0148181818176
C4,SSN,514.96,1642.6,2718.814736842105
C4,SSN,509.49,1592.15,2644.005395683453
C4,SSN,499.07,1884.7,2640.3186813186812
C4,SSN,496.58,1962.17,2768.618024691358
C4,SSN,537.42,1757.16,2664.5330569948187
C4,SSN,509.07,1556.8,2643.857142857143
C4,SSN,573.89,1533.38,2568.974696969697
C4,SSN,518.82,1666.53,2699.167
C4,SSN,484.87,1765.34,2615.0709615384617
C4,SSN,487.25,1727.19,2694.4041004184105
C4,SSN,527.67,1313.86,2461.2413636363635
C4,SSN,534.1,1861.23,2700.977083333333
C4,SSN,416.16,1839.33,2775.1194999999993
C4,SSN,553.49,1774.12,2550.48619047619
C4,SSN,520.37,1682.81,2745.323186813187
C4,SSN,510.03,1620.75,2594.555267175572
C4,SSN,529.47,1753.96,2626.4571126760566
C4,SSN,496.16,1599.05,2638.398714285715
C4,SSN,480.26,1730.04,2653.782822822823
C4,SSN,482.72,1953.05,2688.6127433628317
C4,SSN,594.34,1486.98,2649.4192473118283
C4,SSN,591.86,1315.1,2708.7873214285714
C4,SSN,401.1,1634.72,2466.657096774193
C4,SSN,532.81,1771.59,2616.1458783783783
C4,SSN,502.48,1622.14,2591.0872891566264
C4,SSN,568.49,1305.85,2587.008062015504
C4,SSN,524.75,1829.6,2600.315921052632
C4,SSN,487.31,1534.39,2507.626629213483
C4,SSN,475.66,1740.86,2649.958372093023
C4,SSN,555.28,1737.26,2622.914943820225
C4,SSN,518.33,1417.24,2660.666530612245
C4,SSN,540.26,1561.42,2625.093730569948
C4,SSN,570.12,1628.3,2654.1724705882357
C4,SSN,429.33,1882.56,2662.875921052632
C4,SSN,541.36,1492.51,2670.099147286822
C4,SSN,502.1,1632.13,2615.5311274509804
C4,SSN,533.44,1580.62,2706.5273648648654
C4,SSN,511.5,1637.48,2639.0917592592596
C4,SSN,499.11,1532.23,2579.3292631578943
C4,SSN,531.79,1719.59,2714.948229166667
C4,SSN,581.01,1646.48,2648.884748201439
C4,SSN,562.65,1764.09,2777.322935779817
C4,SSN,551.44,1686.7,2677.437692307692
C4,SSN,544.53,1827.83,2614.8233823529413
C4,SSN,489.39,1858.41,2726.186868686869
C4,SSN,555.0,1560.79,2592.3155656108597
C4,SSN,621.43,1483.05,2682.062380952381
C4,SSN,433.45,1951.36,2722.762424242424
C4,SSN,535.61,1584.82,2659.467974683545
C4,SSN,498.08,1797.72,2754.4849137931033
C4,SSN,524.29,1395.13,2748.039024390244
C4,SSN,560.29,1804.89,2689.142650602409
C4,SSN,488.77,1890.08,2675.167659574468
C4,SSN,503.9,1587.61,2678.4030894308944
C4,SSN,434.83,2018.27,2762.735641025641
C4,SSN,530.18,1600.94,2695.7752499999997
C4,SSN,547.8,1475.91,2411.807758620689
C4,SSN,490.77,1750.35,2767.361573033708
C4,SSN,517.35,1622.22,2657.845670498084
C4,SSN,438.27,2032.46,2773.761139240506
C4,SSN,599.62,1437.47,2528.627391304348
C4,SSN,578.47,1811.14,2640.849814814815
C4,SSN,644.91,1749.94,2746.593684210527
C4,SSN,495.1,1651.18,2683.695821917808
C4,SSN,535.5,1464.75,2744.8575000000005
C4,SSN,577.39,1446.64,2666.8049122807024
C4,SSN,581.87,1495.36,2738.134576271187
C4,SSN,501.09,1779.43,2756.9237037037033
C4,SSN,556.22,1788.51,2725.346811594203
C4,SSN,497.1,1608.16,2590.7512582781455
C4,SSN,557.17,1758.28,2694.8560784313727
C4,SSN,589.02,1820.69,2790.2487499999997
C4,SSN,525.84,1852.74,2761.6908
C4,SSN,436.58,2012.91,2771.3925757575757
C4,SSN,551.99,1656.49,2766.858796992481
C4,SSN,528.73,1772.27,2756.5283695652174
C4,SSN,426.49,1706.08,2627.534
C4,SSN,464.99,1640.88,2598.5935087719295
C4,SSN,674.75,1336.81,2765.0879032258067
C4,SSN,550.67,1454.39,2643.2809677419355
C4,SSN,506.12,1557.4,2599.989272030651
C4,SSN,510.77,1670.74,2636.938595041322
C4,SSN,553.64,1583.85,2738.2031645569623
C4,SSN,512.18,1856.67,2672.7276153846155
C5,SSN,491.28,1604.63,2626.987111111111
C5,SSN,555.81,1292.53,2419.176788990825
C5,SSN,602.8,1609.51,2644.4349673202614
C5,SSN,534.73,1759.19,2678.7131
C5,SSN,506.52,1752.04,2476.6976000000004
C5,SSN,541.5,1740.93,2688.142528735632
C5,SSN,544.05,1584.26,2603.558677248677
C5,SSN,511.85,1754.38,2659.6616901408447
C5,SSN,498.15,1787.72,2697.0511643835616
C5,SSN,472.09,1736.94,2658.5414027149322
C5,SSN,539.74,1516.37,2566.774630541872
C5,SSN,566.68,1545.64,2665.2410000000004
C5,SSN,463.79,1415.85,2504.276013513513
C5,SSN,495.21,1427.27,2492.234179104478
C5,SSN,531.45,1691.41,2729.554104803494
C5,SSN,479.72,1744.69,2721.334
C5,SSN,657.73,1774.01,2705.1726724137934
C5,SSN,535.65,1567.54,2495.823821138211
C5,SSN,565.86,1549.82,2718.859026548673
C5,SSN,642.96,1277.13,2301.1821212121213
C5,SSN,498.19,1511.12,2658.86492481203
C5,SSN,510.13,1588.6,2616.7125714285717
C5,SSN,512.38,1706.47,2638.781538461539
C5,SSN,513.67,1400.63,2484.336590909091
C5,SSN,559.03,1544.36,2569.7296812749005
C5,SSN,524.31,1405.34,2481.1345454545453
C5,SSN,490.84,1652.52,2613.7611242603552
C5,SSN,474.81,1626.63,2754.467297297297
C5,SSN,466.29,1385.95,2543.70980952381
C5,SSN,477.27,1617.91,2581.070625
C5,SSN,518.86,1503.1,2606.3507499999996
C5,SSN,574.5,1526.02,2473.1797540983607
C5,SSN,535.77,1305.25,2639.1005882352943
C5,SSN,463.18,1807.23,2648.4542391304353
C5,SSN,594.48,1694.83,2571.024930555556
C5,SSN,527.84,1584.81,2457.660895522388
C5,SSN,561.85,1647.92,2658.1373220338983
C5,SSN,503.82,1365.65,2593.780573770492
C5,SSN,494.07,1616.87,2677.863497942387
C5,SSN,533.67,1396.43,2597.1410743801653
C5,SSN,544.4,1672.97,2665.545888888889
C5,SSN,578.34,1522.83,2561.7042857142856
C5,SSN,566.71,1578.26,2567.5317821782182
C5,SSN,537.44,1885.02,2627.67173553719
C5,SSN,487.38,1805.02,2716.7813991769544
C5,SSN,521.07,1554.73,2476.5551420454544
C5,SSN,495.47,1449.27,2509.8187850467293
C5,SSN,544.97,1376.78,2297.6461176470584
C5,SSN,509.48,1583.91,2595.8308130081305
C5,SSN,475.62,1640.65,2557.233305084745
C5,SSN,525.7,1659.33,2551.5741624365482
C5,SSN,507.35,1331.46,2574.8346491228067
C5,SSN,478.14,1653.88,2656.617714285714
C5,SSN,432.6,1915.22,2665.7572727272723
C5,SSN,534.44,1871.45,2579.8530666666666
C5,SSN,561.24,1442.02,2484.207719298245
C5,SSN,625.16,1663.42,2429.478295454545
C5,SSN,520.84,1583.22,2526.348023255814
C5,SSN,463.16,1885.61,2592.540681818182
C5,SSN,522.64,1523.42,2525.7537168141594
C5,SSN,534.73,1364.94,2417.279579831933
C5,SSN,474.62,1618.72,2505.509375
C5,SSN,567.67,1721.46,2637.2114150943403
C5,SSN,572.78,1649.95,2486.5801315789467
C5,SSN,555.9,1772.36,2549.095108695652
C5,SSN,549.64,1689.85,2591.326648044693
C5,SSN,524.59,1568.58,2510.782105263158
C5,SSN,506.03,1625.6,2685.403928571429
C5,SSN,527.67,1451.96,2530.704360465116
C5,SSN,529.92,1715.94,2732.650666666667
C5,SSN,493.37,1407.18,2613.1663819095475
C5,SSN,461.84,1493.7,2644.8386
C5,SSN,581.07,1572.45,2603.1654271356783
C5,SSN,522.63,1705.96,2629.332173913044
C5,SSN,477.32,1616.6,2688.8858649789026
C5,SSN,508.4,1570.95,2728.153218390805
C5,SSN,485.14,1559.3,2631.461259259259
C5,SSN,526.8,1839.34,2775.733937007874
C5,SSN,490.28,1925.19,2694.508205128205
C5,SSN,468.91,1707.25,2700.2967123287667
C5,SSN,562.06,1545.64,2566.553529411765
C5,SSN,458.55,1669.45,2748.940510204082
C5,SSN,508.44,1795.6,2651.2460869565216
C5,SSN,558.2,1671.3,2525.573611111111
C5,SSN,498.03,1713.08,2536.734666666667
C5,SSN,512.07,1446.31,2445.77956043956
C5,SSN,540.85,1414.51,2367.983698630137
C5,SSN,509.4,1632.64,2497.364
C5,SSN,618.05,1545.71,2298.1947826086953
C5,SSN,515.84,1488.81,2563.7570642201836
C5,SSN,573.69,1461.22,2496.3608799999997
C5,SSN,489.71,1715.14,2484.4723762376234
C5,SSN,495.49,1433.45,2419.331992481203
C5,SSN,555.68,1497.82,2292.7263888888883
C5,SSN,520.55,1727.24,2589.0421428571426
C5,SSN,488.97,1642.1,2668.2872477064225
C5,SSN,531.3,1810.96,2779.555206185567
C5,SSN,530.77,2013.34,2823.293578947368
C5,SSN,482.97,1523.84,2644.855314285714
C5,SSN,536.98,1436.28,2454.6123188405795
C5,SSN,461.15,1788.25,2734.695189873418
C5,SSN,533.49,1662.93,2597.695948275862
C5,SSN,563.44,1835.25,2434.057368421053
C5,SSN,482.93,1236.56,2634.2564615384617
C5,SSN,487.49,1528.46,2540.5573636363642
C5,SSN,510.75,1983.27,2817.8541463414635
C5,SSN,489.12,1508.31,2620.7716666666665
C5,SSN,472.91,1729.09,2604.764454545454
C5,SSN,441.96,1662.35,2784.186875
C5,SSN,404.6,1749.59,2608.7576785714286
C5,SSN,592.69,1619.12,2450.841022727273
C5,SSN,412.55,1799.65,2620.9179207920793
C5,SSN,437.64,1409.3,2675.3109589041096
C5,SSN,508.0,1692.26,2641.9861635220122
C5,SSN,556.17,1488.98,2482.1225471698112
C5,SSN,518.23,1417.57,2443.526666666667
C5,SSN,472.07,1508.4,2510.7392307692303
C5,SSN,600.06,1360.47,2383.5450632911397
C5,SSN,437.71,1538.51,2615.2466666666664
C5,SSN,475.81,1579.14,2644.4225925925925
C5,SSN,494.24,1336.89,2631.0347738693463
C5,SSN,533.72,1824.03,2560.9774074074076
C5,SSN,517.2,1393.77,2463.5066375545853
C5,SSN,552.23,1375.41,2437.5239062499995
C5,SSN,568.81,1752.57,2618.434705882353
C5,SSN,495.57,1806.37,2597.7554915254236
C5,SSN,576.93,1430.74,2525.406
C5,SSN,529.28,1627.83,2525.48
C5,SSN,475.98,1729.7,2584.6552631578948
C5,SSN,502.49,1791.22,2668.4102222222227
C5,SSN,508.08,1591.22,2606.9561363636367
C5,SSN,519.82,1710.41,2763.0808391608393
C5,SSN,458.19,1553.14,2520.549166666666
C5,SSN,554.2,1464.95,2508.1897799511007
C5,SSN,537.09,1387.63,2417.2119029850746
C5,SSN,535.83,1452.34,2545.748363636365
C5,SSN,499.51,1700.7,2594.611949152542
C5,SSN,527.11,1319.4,2444.265756302521
C5,SSN,486.18,1600.21,2603.831092436974
C5,SSN,460.96,1533.75,2567.287676767677
C5,SSN,561.74,1478.8,2654.8953631284917
C5,SSN,544.28,1712.46,2551.27304964539
C5,SSN,511.08,1404.9,2467.8858260869565
C5,SSN,461.6,1706.52,2589.0008064516132
C5,SSN,560.89,1475.95,2485.800194174757
C5,SSN,580.03,1297.22,2245.9915300546454
C5,SSN,553.91,1508.91,2538.067037037037
C5,SSN,525.46,1597.07,2591.390648148148
C5,SSN,526.12,1459.05,2568.1962974683547
C5,SSN,557.4,1499.89,2583.8932061068704
C5,SSN,499.12,1514.42,2664.7442918454935
C5,SSN,505.49,1623.36,2577.7419999999997
C5,SSN,450.39,1282.8,2567.6267500000004
C5,SSN,506.32,1400.88,2521.19425
C5,SSN,491.23,1468.45,2640.0372067039107
C5,SSN,473.08,1729.26,2593.208202247191
C5,SSN,509.07,1521.69,2592.6409375000003
C5,SSN,511.4,1454.85,2697.4163207547163
C5,SSN,525.84,1698.18,2643.496
C5,SSN,479.34,1380.92,2583.7609745762716
C5,SSN,506.23,1797.68,2716.739268292683
C5,SSN,510.31,1320.45,2582.4853076923073
C5,SSN,498.82,1351.96,2583.414252873563
C5,SSN,454.95,1648.14,2689.5217948717946
C5,SSN,555.01,1606.36,2566.478596491228
C5,SSN,488.21,1628.58,2607.4625468164795
C5,SSN,534.09,1752.59,2622.0110619469033
C6,SSN,498.79,1439.21,2515.12312849162
C6,SSN,477.45,1367.55,2392.6019178082192
C6,SSN,460.91,1551.56,2546.078367346939
C6,SSN,415.51,1450.84,2447.498196721311
C6,SSN,566.01,1273.58,2435.85347826087
C6,SSN,535.9,1327.34,2472.353622047244
C6,SSN,492.36,1452.03,2583.9488721804514
C6,SSN,527.24,1506.24,2600.7805755395684
C6,SSN,492.97,1429.38,2627.3685815602835
C6,SSN,454.68,1333.09,2484.0086111111113
C6,SSN,498.49,1350.68,2384.9765384615384
C6,SSN,468.95,1440.64,2466.3745991561177
C6,SSN,474.49,1363.59,2448.1966165413537
C6,SSN,474.28,1201.39,2441.2205000000004
C6,SSN,428.37,1640.46,2463.8850476190473
C6,SSN,516.06,1168.62,2557.8992537313434
C6,SSN,505.37,1300.19,2444.6952112676054
C6,SSN,540.71,1229.99,2618.1519999999996
C6,SSN,556.09,1260.52,2560.8617441860465
C6,SSN,506.0,1156.67,2598.156288659794
C6,SSN,502.44,1439.29,2399.9158288770054
C6,SSN,475.67,1425.37,2526.4547161572045
C6,SSN,567.95,1362.16,2475.5032835820894
C6,SSN,478.38,1461.4,2388.312528735632
C6,SSN,491.59,1308.17,2480.2877142857137
C6,SSN,514.12,1321.81,2588.4214444444447
C6,SSN,512.66,1372.58,2504.531417322835
C6,SSN,475.5,1481.78,2501.9128235294115
C6,SSN,468.65,1471.63,2458.5322988505745
C6,SSN,546.21,1733.03,2550.102340425532
C6,SSN,543.94,1279.63,2527.221237113402
C6,SSN,507.81,1239.72,2527.9237638376385
C6,SSN,516.4,1425.46,2524.519879807692
C6,SSN,450.06,1441.23,2571.4007063197027
C6,SSN,519.26,1261.98,2530.408786407767
C6,SSN,506.91,1351.87,2462.248901960784
C6,SSN,492.69,1261.26,2551.2581944444446
C6,SSN,503.47,1213.61,2494.579696969697
C6,SSN,472.5,1471.26,2554.434511784512
C6,SSN,503.58,1504.86,2590.8255905511805
C6,SSN,472.45,1386.12,2577.7054748603355
C6,SSN,529.82,1377.63,2506.278771929825
C6,SSN,530.6,1493.65,2425.968465909091
C6,SSN,488.07,1342.66,2581.6496618357487
C6,SSN,527.61,1178.45,2561.15207253886
C6,SSN,533.28,1335.65,2654.861660079051
C6,SSN,471.15,1476.87,2504.8167647058826
C6,SSN,465.54,1337.15,2544.484077669903
C6,SSN,538.2,1334.6,2508.3966
C6,SSN,504.83,1366.4,2452.2096052631578
C6,SSN,559.26,1381.71,2522.4828318584077
C6,SSN,476.41,1406.6,2462.01981981982
C6,SSN,485.57,1399.55,2448.2386842105266
C6,SSN,549.19,1372.0,2547.6068681318684
C6,SSN,484.13,1405.82,2451.0262105263155
C6,SSN,426.57,1441.4,2475.7594791666666
C6,SSN,470.19,1419.02,2504.4725373134324
C6,SSN,487.39,1343.62,2541.778507936508
C6,SSN,484.53,1493.65,2475.9059139784945
C6,SSN,462.07,1212.5,2421.0620000000004
C6,SSN,491.69,1340.43,2426.301140939597
C6,SSN,518.52,1218.14,2350.377142857143
C6,SSN,408.26,1380.27,2440.0766279069762
C6,SSN,480.6,1308.34,2482.355
C6,SSN,484.26,1715.68,2575.73925
C6,SSN,411.69,1460.97,2453.1235256410255
C6,SSN,452.36,1311.45,2461.8397752808987
C6,SSN,501.63,1329.25,2555.3307046979867
C6,SSN,477.88,1432.05,2463.854817518248
C6,SSN,474.08,1228.94,2554.714853420195
C6,SSN,573.83,1270.85,2608.9959504132225
C6,SSN,451.35,1301.16,2614.327676767677
C6,SSN,597.8,1360.57,2539.0057718120806
C6,SSN,474.48,1145.96,2449.889272727273
C6,SSN,482.64,1575.05,2524.324
C6,SSN,500.38,1372.32,2545.2210810810807
C6,SSN,502.58,1327.43,2452.0533027522933
C6,SSN,387.22,1525.02,2393.137183098591
C6,SSN,480.48,1413.11,2461.4865775401067
C6,SSN,466.7,1408.72,2560.859768518518
C6,SSN,452.71,1591.5,2462.0126829268297
C6,SSN,522.56,1511.84,2655.6596521739134
C6,SSN,421.68,1725.91,2663.6007142857147
C6,SSN,478.9,1409.31,2386.0984962406014
C6,SSN,455.31,1589.78,2546.666338028169
C6,SSN,490.19,1407.44,2456.9206521739125
C6,SSN,492.02,1638.06,2609.515135135135
C6,SSN,519.92,1610.33,2524.584093959732
C6,SSN,536.34,1339.15,2450.6927586206893
C6,SSN,507.21,1356.83,2618.7658850574717
C6,SSN,471.66,1315.79,2503.760636363637
C6,SSN,471.37,1519.45,2424.9676415094336
C6,SSN,525.4,1435.81,2506.7660606060604
C6,SSN,485.35,1426.63,2490.956240310077
C6,SSN,456.16,1766.0,2595.346438356164
C6,SSN,442.56,1409.51,2568.1024223602485
C6,SSN,522.42,1468.66,2545.654179104478
C6,SSN,455.69,1757.76,2572.9952127659576
C6,SSN,462.4,1464.15,2570.4647899159663
C6,SSN,459.72,1491.81,2445.5812612612613
C6,SSN,524.88,1454.87,2536.9534642857143
C6,SSN,507.58,1210.25,2524.9451879699245
C6,SSN,474.63,1459.48,2544.8159012345677
C6,SSN,524.36,1202.03,2558.301476510067
C6,SSN,507.15,1302.7,2530.5644590163934
C6,SSN,493.27,1386.68,2576.865
C6,SSN,468.6,1413.29,2505.407694235589
C6,SSN,552.53,1327.14,2509.0093103448276
C6,SSN,475.6,1591.85,2449.7845454545454
C6,SSN,525.42,1413.76,2460.1725454545453
C6,SSN,476.03,1143.42,2502.7268711656448
C6,SSN,524.27,1237.4,2479.950466666666
C6,SSN,471.21,1425.81,2460.563175182482
C6,SSN,497.84,1304.74,2502.5673469387757
C6,SSN,507.13,1436.78,2450.652368421053
C6,SSN,467.61,1636.16,2657.42963099631
C6,SSN,510.41,1495.5,2537.6745197740115
C6,SSN,510.07,1508.44,2563.174823529412
C6,SSN,524.04,1240.39,2504.689779411765
C6,SSN,517.94,1396.87,2543.075388888889
C6,SSN,457.08,1401.38,2494.875148514852
C6,SSN,450.28,1542.71,2606.163701067616
C6,SSN,527.89,1270.42,2563.8461940298507
C6,SSN,464.6,1760.64,2424.796216216216
C6,SSN,438.65,1579.34,2657.8421759259254
C6,SSN,501.19,1551.35,2597.570392156863
C6,SSN,468.68,1354.97,2537.2956216216216
C6,SSN,461.83,1338.78,2544.6369310344826
C6,SSN,506.91,1384.57,2383.4601052631574
C6,SSN,492.98,1436.77,2504.809770642202
C6,SSN,438.12,1178.1,2555.443965517242
C6,SSN,536.12,1335.14,2582.9448739495797
C6,SSN,420.28,1680.95,2517.8247
C6,SSN,482.58,1254.36,2292.908142857143
C6,SSN,477.95,1416.99,2560.063559322034
C6,SSN,504.56,1432.5,2501.917330827068
C6,SSN,494.4,1411.57,2604.543641304348
C6,SSN,468.06,1250.29,2488.901743772242
C6,SSN,483.15,1322.94,2571.2700755667506
C6,SSN,493.35,1415.93,2517.6587306501547
C6,SSN,421.01,1429.25,2552.749117647059
C6,SSN,465.71,1329.15,2537.6322907488984
C6,SSN,432.0,1371.11,2471.2995530726257
C6,SSN,500.99,1534.4,2538.0079746835445
C6,SSN,433.51,1494.53,2544.1177319587628
C1,babble,498.42,1314.36,2237.169166666667
C1,babble,471.28,1487.7,2538.3916346153846
C1,babble,418.61,1293.8,2624.1636138613862
C1,babble,452.08,1122.67,2578.811089108911
C1,babble,464.56,1494.5,2569.438102189781
C1,babble,455.0,1458.97,2595.7828703703703
C1,babble,447.7,1564.28,2606.43103960396
C1,babble,481.05,1603.04,2632.181829268293
C1,babble,446.65,1257.59,2562.1695302013422
C1,babble,442.99,1447.31,2596.4068343195268
C1,babble,451.1,1479.83,2698.05
C1,babble,484.04,1387.38,2585.2453488372093
C1,babble,475.81,1442.94,2443.2674712643684
C1,babble,456.36,1340.39,2577.4480769230763
C1,babble,483.03,1179.47,2588.0239130434784
C1,babble,444.3,1194.53,2583.377952380952
C1,babble,469.05,1297.68,2497.4244723618094
C1,babble,440.17,1278.28,2568.070157894737
C1,babble,459.28,1303.82,2620.812671480144
C1,babble,443.65,1268.14,2584.8695175438597
C1,babble,449.75,1171.73,2504.9315337423313
C1,babble,482.75,1323.39,2605.7704375000003
C1,babble,487.93,1194.78,2611.1440151515153
C1,babble,418.39,1312.01,2486.3753303964754
C1,babble,427.55,1238.68,2452.317182320442
C1,babble,472.63,980.86,2548.0698148148153
C1,babble,450.12,1209.61,2606.3466149870796
C1,babble,389.82,1299.1,2430.6899999999996
C1,babble,485.23,1331.22,2536.569344262294
C1,babble,534.06,1217.76,2476.137288135593
C1,babble,427.72,1301.62,2590.7933944954134
C1,babble,455.8,1182.74,2557.931197771588
C1,babble,443.07,1334.34,2629.2909210526313
C1,babble,456.4,1434.85,2574.5116236162357
C1,babble,483.51,1508.36,2563.4345955882354
C1,babble,454.2,1201.94,2506.112857142857
C1,babble,459.32,1294.36,2619.189765258216
C1,babble,444.72,1050.98,2487.5707142857145
C1,babble,469.76,1369.77,2603.500367454068
C1,babble,410.54,1168.24,2640.8858273381297
C1,babble,476.93,1231.09,2612.3814375
C1,babble,466.0,1324.7,2549.9133333333334
C1,babble,502.84,1420.28,2583.0190666666667
C1,babble,497.34,1575.69,2634.859677419355
C1,babble,487.17,1401.69,2558.966165413534
C1,babble,445.5,1532.6,2543.334140625
C1,babble,475.09,1326.47,2645.1368888888887
C1,babble,454.0,1491.06,2587.716627906977
C1,babble,422.95,1456.61,2512.9475471698115
C1,babble,427.58,1388.3,2582.7465142857145
C1,babble,408.97,1312.09,2639.4790555555555
C1,babble,435.21,1466.04,2623.4879865771813
C1,babble,514.78,1512.89,2537.6930357142855
C1,babble,431.23,1281.45,2528.3434562211983
C1,babble,468.45,1431.96,2527.0824154589372
C1,babble,440.07,1396.38,2561.943209876543
C1,babble,453.58,1240.94,2529.1345945945945
C1,babble,496.42,1522.6,2515.2933854166663
C1,babble,497.46,1444.72,2573.4782481751827
C1,babble,400.55,1215.81,2581.334229249012
C1,babble,445.13,1455.23,2627.9607777777774
C1,babble,496.3,1378.3,2522.4627272727266
C1,babble,420.58,1436.75,2628.8309898477155
C1,babble,453.08,1466.35,2483.5597222222223
C1,babble,420.39,1374.69,2537.166371681416
C1,babble,454.91,1531.5,2615.1027499999996
C1,babble,431.35,1191.32,2501.8544303797466
C1,babble,473.62,1261.42,2556.2504891304347
C1,babble,459.51,1302.22,2582.9031794871794
C1,babble,408.98,1353.33,2509.9900000000002
C1,babble,423.45,1529.55,2521.2744
C1,babble,445.39,1364.0,2510.9
C1,babble,448.86,1324.56,2518.033037383178
C1,babble,429.71,1489.1,2639.1475
C1,babble,431.49,1385.91,2574.765524475524
C1,babble,457.66,1345.5,2573.893256351039
C1,babble,442.72,1561.6,2603.0236734693876
C1,babble,434.1,1260.19,2550.9649090909093
C1,babble,433.08,1232.28,2546.4746268656713
C1,babble,525.48,1728.27,2640.4216666666666
C1,babble,455.31,1117.15,2551.569554455445
C1,babble,377.57,1344.61,2477.4889473684207
C1,babble,441.59,1388.65,2595.8382017543854
C1,babble,383.61,1298.58,2574.3763157894737
C1,babble,475.68,1583.19,2610.3492517006803
C1,babble,409.3,1192.94,2562.612
C1,babble,444.07,1394.77,2595.778387096774
C1,babble,464.9,1088.14,2583.7635766423355
C1,babble,464.71,1128.39,2562.4329333333335
C1,babble,457.07,1184.0,2622.9634090909094
C1,babble,413.49,1234.13,2545.900893617021
C1,babble,491.67,1208.81,2620.8650222222223
C1,babble,428.64,1386.46,2533.6991525423723
C1,babble,429.59,1290.77,2607.2938461538465
C1,babble,460.73,1288.45,2614.36731277533
C1,babble,463.6,1341.87,2652.740142857143
C1,babble,445.5,1418.2,2597.0023529411765
C1,babble,409.59,1237.49,2512.798756756757
C1,babble,450.13,1463.31,2599.0442528735634
C1,babble,442.39,1135.99,2499.934353312303
C1,babble,522.67,1171.43,2468.776363636364
C1,babble,444.66,1360.82,2534.9070347003158
C1,babble,408.51,1194.62,2557.2316017316016
C1,babble,445.93,1254.7,2464.794655172414
C1,babble,401.58,1253.28,2552.028913043478
C1,babble,471.75,1318.17,2574.007867298578
C1,babble,423.9,1469.72,2621.4069230769237
C1,babble,444.89,1325.43,2587.0675918367347
C1,babble,412.14,1412.44,2527.4259683794467
C1,babble,425.2,1302.23,2490.730390625
C1,babble,446.73,1157.59,2411.9189570552144
C1,babble,425.23,1175.97,2561.2220654911835
C1,babble,387.56,1076.17,2552.626714285714
C1,babble,474.35,1102.75,2630.049513108614
C1,babble,454.42,1448.01,2572.717482758621
C1,babble,442.76,1248.76,2609.4999999999995
C1,babble,437.72,1611.74,2562.4098130841126
C1,babble,442.06,1359.9,2561.224197183098
C1,babble,397.79,1356.33,2538.903931623932
C1,babble,428.23,1117.47,2559.2561184210526
C1,babble,455.73,1279.82,2529.5283611111113
C1,babble,456.93,1233.63,2584.294010989011
C1,babble,463.81,1120.34,2571.803893129771
C1,babble,419.35,1284.62,2581.216278195489
C1,babble,525.7,1182.81,2581.013908045977
C1,babble,443.76,1138.6,2510.689491525424
C1,babble,486.92,1361.5,2616.7211392405065
C1,babble,466.92,1315.23,2611.81459375
C1,babble,471.87,1051.1,2560.5639682539677
C1,babble,463.8,1312.78,2518.1902678571428
C1,babble,538.98,1331.66,2571.21198019802
C1,babble,511.69,1208.57,2534.575333333333
C1,babble,504.43,1352.94,2567.0774285714288
C1,babble,423.99,1358.0,2531.649548022599
C1,babble,472.13,1327.17,2587.3087741935483
C1,babble,419.23,1091.66,2549.3413821138206
C1,babble,424.76,1315.38,2552.9000531914894
C1,babble,450.48,1561.18,2556.9026495726494
C1,babble,479.69,1238.26,2439.854390243902
C1,babble,407.1,1253.73,2505.675684647303
C1,babble,417.83,1230.97,2564.8122972972974
C1,babble,391.03,1072.87,2585.736208530806
C1,babble,398.71,1151.48,2545.333526011561
C1,babble,461.74,1211.99,2692.1260122699387
C1,babble,426.31,1273.91,2629.352677165354
C1,babble,428.29,1422.72,2596.5877884615384
C1,babble,458.4,1524.84,2576.8415789473684
C1,babble,454.61,1211.92,2499.6924390243903
C1,babble,467.37,1231.14,2643.2660070671377
C1,babble,408.66,1329.74,2665.9533766233767
C1,babble,432.73,1415.42,2575.3053333333332
C1,babble,383.9,1180.52,2525.203942307692
C1,babble,461.01,1403.18,2614.2766145833334
C1,babble,411.64,1475.86,2644.447604166666
C1,babble,383.15,1385.4,2592.2456050955416
C1,babble,430.7,1213.93,2571.8518
C1,babble,425.1,1079.3,2540.8442325581395
C1,babble,470.33,1282.86,2416.680355329949
C2,babble,381.52,1234.04,2293.8665546218485
C2,babble,499.75,1425.54,2398.52875
C2,babble,474.53,1391.78,2332.0207317073173
C2,babble,446.28,1394.54,2400.4986301369863
C2,babble,427.15,1662.63,2588.0640000000003
C2,babble,419.33,1342.63,2484.59145038168
C2,babble,457.88,1434.83,2431.491126760564
C2,babble,451.72,1449.64,2370.434975609756
C2,babble,506.67,1457.31,2396.2836301369866
C2,babble,455.35,1316.67,2458.922951807229
C2,babble,538.32,1540.97,2499.9974418604656
C2,babble,585.05,1553.84,2566.8661363636365
C2,babble,469.26,1525.24,2441.132373540856
C2,babble,431.38,1347.59,2428.6952380952384
C2,babble,346.42,1571.25,2470.647763157895
C2,babble,475.07,1402.37,2552.267298387097
C2,babble,385.8,1398.65,2515.345612244898
C2,babble,369.15,1439.81,2540.4786111111107
C2,babble,425.36,1480.61,2594.4253932584274
C2,babble,514.69,1416.22,2600.499772727273
C2,babble,479.04,1433.38,2608.961030927835
C2,babble,380.55,1429.42,2731.0597530864197
C2,babble,440.56,1173.6,2449.079151515152
C2,babble,430.87,1388.33,2456.0328125
C2,babble,439.94,1367.78,2319.90275
C2,babble,447.21,1060.42,2386.3921904761905
C2,babble,447.12,1294.79,2380.4266551724136
C2,babble,552.56,1244.84,2483.3852554744526
C2,babble,408.61,1293.46,2496.4365079365084
C2,babble,581.35,1716.01,2610.1291304347824
C2,babble,451.77,1199.53,2368.9921428571424
C2,babble,428.12,1394.37,2468.377752808989
C2,babble,462.21,1586.71,2598.71179245283
C2,babble,523.5,1505.47,2681.006209677419
C2,babble,453.08,1477.38,2353.3801652892557
C2,babble,425.37,1461.72,2428.888812785388
C2,babble,496.61,1418.98,2482.7823404255323
C2,babble,411.29,1459.41,2403.150545454545
C2,babble,546.25,1472.59,2440.754
C2,babble,427.04,1401.47,2375.561025641026
C2,babble,467.83,1356.21,2456.9154045307446
C2,babble,453.49,1581.1,2437.0034415584414
C2,babble,397.98,1258.16,2350.08175257732
C2,babble,372.06,1238.83,2347.8217045454544
C2,babble,438.92,1283.98,2320.7006896551725
C2,babble,425.12,1394.92,2330.9948538011695
C2,babble,548.1,1430.09,2372.168431372549
C2,babble,394.04,1399.68,2368.6966477272726
C2,babble,625.57,1476.47,2713.137037037037
C2,babble,523.67,1445.8,2467.915652173913
C2,babble,418.1,1341.69,2413.587830188679
C2,babble,539.1,1388.48,2459.8377922077925
C2,babble,619.57,1489.02,2511.976153846154
C2,babble,448.76,1379.37,2407.3378800000005
C2,babble,456.69,1290.8,2371.885590551181
C2,babble,599.22,1382.18,2525.9245333333333
C2,babble,355.23,1470.19,2504.8417857142854
C2,babble,429.01,1339.53,2252.461831683168
C2,babble,444.07,1436.33,2320.6041363636364
C2,babble,447.56,1528.51,2447.0845355191254
C2,babble,432.45,1319.3,2318.221170212766
C2,babble,455.28,1521.14,2452.3186868686867
C2,babble,465.43,1431.7,2326.3625781250003
C2,babble,570.85,1336.99,2214.834418604651
C2,babble,461.64,1518.85,2434.56287037037
C2,babble,436.06,1238.2,2343.6957216494848
C2,babble,397.77,1471.42,2261.8951515151516
C2,babble,442.98,1372.15,2263.841940298507
C2,babble,431.88,1320.41,2353.4133165829144
C2,babble,479.49,1257.71,2393.021340996169
C2,babble,454.55,1446.35,2436.2784574468083
C2,babble,310.33,1484.46,2359.8608080808076
C2,babble,417.4,1433.41,2350.317071129707
C2,babble,495.33,1325.32,2351.1949397590365
C2,babble,475.97,1412.15,2268.240748663102
C2,babble,349.38,1438.76,2361.87825
C2,babble,446.47,1346.29,2267.0186495176845
C2,babble,453.58,1292.84,2418.5561386138615
C2,babble,399.0,1223.37,2421.131487603306
C2,babble,464.07,1231.68,2356.6322033898305
C2,babble,419.04,1472.8,2371.460727272727
C2,babble,461.69,1402.9,2447.323
C2,babble,462.98,1383.61,2369.678075117371
C2,babble,487.36,1361.81,2364.840206185567
C2,babble,492.08,1479.67,2456.894561403509
C2,babble,505.9,1422.51,2522.519615384616
C2,babble,475.32,1301.48,2480.4926282051283
C2,babble,432.19,1427.21,2370.4859807073954
C2,babble,462.21,1472.47,2577.2789285714284
C2,babble,537.82,1458.15,2238.214130434783
C2,babble,393.87,1603.59,2445.9872413793105
C2,babble,509.01,1271.32,2429.2676712328766
C2,babble,481.34,1365.63,2557.906511627907
C2,babble,515.23,1302.85,2513.605628742515
C2,babble,426.15,1844.2,2437.327857142857
C2,babble,434.58,1268.08,2306.233
C2,babble,424.24,1452.89,2186.152626262626
C2,babble,409.8,1349.34,2313.271724137931
C2,babble,454.79,1328.51,2316.2585416666666
C2,babble,456.95,1386.94,2326.103072916667
C2,babble,433.39,1397.65,2451.4703930131004
C2,babble,407.19,1340.41,2369.750789473684
C2,babble,398.05,1347.52,2431.3398701298697
C2,babble,423.92,1408.08,2306.7784210526315
C2,babble,512.72,1495.46,2420.1499999999996
C2,babble,559.86,1511.85,2523.71494949495
C2,babble,501.62,1455.35,2390.4953968253967
C2,babble,560.35,1338.33,2379.5907843137256
C2,babble,423.27,1417.18,2392.8128857142856
C2,babble,432.4,1338.77,2407.662950819672
C2,babble,505.88,1287.37,2355.1243406593408
C2,babble,501.4,1400.6,2428.380416666667
C2,babble,455.76,1402.13,2310.0275824175824
C2,babble,351.49,1178.11,2435.235272727273
C2,babble,402.55,1373.94,2394.9849494949494
C2,babble,450.19,1398.01,2421.6393801652894
C2,babble,359.71,1396.59,2361.0207246376813
C2,babble,492.54,1548.99,2445.612944444444
C2,babble,472.65,1435.04,2415.6274264705885
C2,babble,466.33,1400.33,2345.1735532994926
C2,babble,466.05,1483.26,2457.7428861788617
C2,babble,445.01,1493.33,2380.9447422680414
C2,babble,438.6,1334.26,2357.843433476395
C2,babble,426.74,1342.8,2394.3942372881356
C2,babble,489.88,1422.75,2353.8529166666667
C2,babble,423.95,1241.01,2362.9928636363634
C2,babble,499.23,1369.26,2307.0405988023945
C2,babble,367.46,1333.86,2254.5438926174497
C2,babble,399.73,1347.29,2377.6507216494847
C2,babble,393.11,1318.38,2370.1496153846156
C2,babble,398.74,1380.15,2365.859870689655
C2,babble,405.81,1606.19,2421.2648258706467
C2,babble,373.54,1754.35,2511.7972727272727
C2,babble,387.55,1645.15,2414.6863829787235
C2,babble,455.54,1324.75,2399.720045248869
C3,babble,557.82,1555.14,2802.4126785714284
C3,babble,579.18,1410.05,2580.6349999999998
C3,babble,556.73,1517.87,2553.4227906976744
C3,babble,589.92,1370.96,2646.2865714285713
C3,babble,608.08,1268.54,2528.0733757961784
C3,babble,511.86,1363.27,2569.9023655913975
C3,babble,619.4,1168.36,2232.6244378698225
C3,babble,506.85,1324.8,2342.553142857143
C3,babble,575.57,1382.93,2540.1879503105592
C3,babble,636.23,1469.6,2519.995344352617
C3,babble,537.36,1593.83,2680.1311403508766
C3,babble,515.36,1321.36,2495.446422764228
C3,babble,612.58,1315.19,2510.062701298701
C3,babble,518.77,1563.99,2547.4797619047617
C3,babble,497.83,1306.77,2656.5217543859653
C3,babble,655.57,1619.9,2541.5733333333333
C3,babble,475.82,1276.03,2400.4122916666665
C3,babble,587.82,1331.69,2483.380625
C3,babble,488.83,1693.86,2718.300731707317
C3,babble,571.98,1431.91,2561.7999418604654
C3,babble,540.91,1498.09,2608.139435483871
C3,babble,574.28,1309.78,2395.8952957746483
C3,babble,521.34,1594.43,2632.9454074074074
C3,babble,560.21,1572.32,2513.863081761006
C3,babble,562.24,1517.74,2509.852896825397
C3,babble,542.95,1428.28,2571.9177575757576
C3,babble,455.15,1499.36,2530.5220175438594
C3,babble,611.35,1526.34,2591.15967948718
C3,babble,509.88,1795.54,2609.9034959349588
C3,babble,597.55,1677.89,2426.5305633802823
C3,babble,556.5,1368.36,2471.5130964467007
C3,babble,653.81,1662.54,2569.1750724637677
C3,babble,479.92,1380.92,2602.715031847134
C3,babble,591.15,1544.57,2549.2817411764704
C3,babble,533.05,1522.57,2552.2725418994414
C3,babble,661.92,1506.77,2527.597230769231
C3,babble,598.16,1428.03,2639.274968553459
C3,babble,410.5,1392.39,2621.497777777777
C3,babble,631.36,1607.19,2377.297792207792
C3,babble,468.32,1554.08,2672.7877348066295
C3,babble,578.15,1341.18,2538.9626053639845
C3,babble,567.56,1544.54,2621.546679536679
C3,babble,534.24,1451.64,2511.642886597938
C3,babble,629.35,1379.43,2418.2557894736838
C3,babble,578.94,1479.52,2575.4132160804024
C3,babble,594.67,1487.15,2560.608188073394
C3,babble,558.0,1727.3,2674.5790616621985
C3,babble,565.13,1494.62,2556.085330578513
C3,babble,563.15,1419.96,2518.359857142857
C3,babble,515.29,1473.65,2634.8411025641026
C3,babble,516.93,1365.98,2606.778006756757
C3,babble,459.93,1190.42,2619.435294117647
C3,babble,477.31,1391.34,2673.9381578947373
C3,babble,513.9,1395.95,2557.6053571428574
C3,babble,590.41,1389.14,2669.942100840336
C3,babble,554.05,1471.03,2596.5011194029853
C3,babble,628.48,1395.27,2536.213662790698
C3,babble,660.67,1445.73,2735.5573913043477
C3,babble,622.43,1591.29,2492.8562087912087
C3,babble,534.38,1274.99,2550.7551960784313
C3,babble,663.29,1309.62,2394.2438947368423
C3,babble,630.02,1369.34,2576.6269938650303
C3,babble,567.08,1298.18,2406.430174825175
C3,babble,586.45,1334.7,2493.1317748917745
C3,babble,544.26,1648.21,2646.7611981566815
C3,babble,516.8,1501.0,2627.3074729241876
C3,babble,580.81,1625.49,2652.798272980501
C3,babble,548.4,1627.49,2569.7463281249998
C4,babble,674.1,1439.02,2551.1494444444447
C4,babble,472.46,1434.32,2624.686219512195
C4,babble,516.92,1534.53,2675.5066386554627
C4,babble,466.13,1755.75,2804.1537735849056
C4,babble,440.63,1660.37,2642.791836734694
C4,babble,596.81,1436.45,2777.042727272727
C4,babble,531.57,1520.93,2725.8100757575758
C4,babble,481.98,1918.75,2771.8579136690646
C4,babble,524.08,1778.97,2717.50954248366
C4,babble,468.69,1567.53,2693.7284313725495
C4,babble,438.27,1638.18,2661.417
C4,babble,539.52,1924.07,2769.7482191780823
C4,babble,481.06,1532.62,2789.5662500000003
C4,babble,526.17,1155.79,2669.965
C4,babble,418.2,1733.04,2600.230294117647
C4,babble,558.66,1614.22,2703.2593269230765
C4,babble,399.54,1737.2,2694.4634246575347
C4,babble,439.93,1332.11,2558.360229885058
C4,babble,498.62,1696.17,2651.561459854015
C4,babble,568.52,1646.62,2792.4946666666665
C4,babble,473.93,1761.91,2787.059875776398
C4,babble,508.47,1629.21,2740.294109589041
C4,babble,547.68,1502.78,2674.3956551724136
C4,babble,466.68,1875.98,2815.6460576923077
C4,babble,578.63,1559.19,2786.057425742574
C4,babble,634.06,1538.69,2855.9055
C4,babble,542.05,1661.88,2700.9352071005915
C4,babble,510.13,1432.66,2733.038846153846
C4,babble,497.97,1655.04,2670.2644680851067
C4,babble,518.49,1802.3,2720.3574074074077
C4,babble,459.66,1823.62,2674.0925
C4,babble,432.1,1489.93,2565.71106741573
C4,babble,557.64,1722.2,2839.7812162162163
C4,babble,539.86,1558.81,2748.287164179105
C4,babble,521.37,1714.37,2680.108769230769
C4,babble,504.0,1618.84,2636.0414035087715
C4,babble,492.26,1787.49,2873.644942528735
C4,babble,541.0,1674.08,2647.8618181818183
C4,babble,499.76,1694.99,2840.0769444444454
C4,babble,552.7,1632.21,2718.815842105263
C4,babble,516.14,1635.2,2732.5624848484854
C4,babble,453.77,1795.11,2505.2172727272728
C4,babble,433.93,1815.43,2603.4694470046084
C4,babble,494.26,1765.42,2742.8347619047618
C4,babble,484.04,1798.15,2653.9495625000004
C4,babble,555.86,1383.64,2765.412096774194
C4,babble,713.83,1697.54,2826.940581395349
C4,babble,531.62,1497.65,2686.0623387096775
C4,babble,601.78,1662.6,2820.271517857143
C4,babble,499.74,1589.77,2852.723636363636
C4,babble,495.46,1654.78,2651.117794117647
C4,babble,595.79,1565.66,2721.1592207792214
C4,babble,536.36,1186.69,2615.056753246753
C4,babble,392.26,1974.38,2599.4141379310345
C4,babble,453.4,1422.4,2664.321967213115
C4,babble,452.95,1800.58,2643.7339583333337
C4,babble,580.2,1440.95,2743.035774647888
C4,babble,517.41,1633.45,2808.595
C4,babble,511.63,1782.29,2691.1250892857142
C4,babble,445.34,1217.07,2645.4889285714285
C4,babble,425.14,1736.25,2669.2434545454544
C4,babble,494.45,1701.78,2804.1409333333336
C4,babble,620.45,1688.2,2747.9186486486487
C4,babble,407.24,1780.15,2660.409887640449
C4,babble,543.67,1918.62,2725.1839999999997
C4,babble,529.69,1701.9,2641.12835443038
C4,babble,498.07,1559.72,2645.2405645161293
C4,babble,539.25,1552.23,2718.718571428571
C4,babble,507.74,1471.21,2660.1037096774194
C4,babble,460.13,1647.6,2586.6144761904757
C4,babble,477.36,1791.15,2747.692277227723
C4,babble,427.66,1963.4,2719.430491803279
C4,babble,546.68,1696.43,2788.22494117647
C4,babble,427.97,1713.66,2717.5203125
C4,babble,582.13,1583.51,2769.7206395348835
C4,babble,491.84,1687.15,2733.3877429467084
C4,babble,497.16,1606.22,2680.135862068966
C4,babble,459.68,1635.48,2653.419559748427
C4,babble,521.15,1587.28,2651.536124031008
C4,babble,438.8,1969.14,2697.9448235294117
C4,babble,410.28,1765.43,2666.4319354838713
C4,babble,552.5,1576.65,2687.4705797101446
C4,babble,579.87,1724.28,2685.164821428571
C4,babble,497.95,1720.84,2649.197688172043
C4,babble,507.26,1733.97,2676.7957798165144
C4,babble,572.92,1472.6,2679.848275862069
C4,babble,445.2,1695.25,2836.6095161290323
C4,babble,542.66,1700.73,2748.0049504950493
C4,babble,528.38,1654.26,2730.2934000000005
C4,babble,463.86,1917.35,2859.101519607843
C4,babble,555.25,1531.01,2672.085257731959
C4,babble,509.57,1415.9,2533.049108910891
C4,babble,631.59,1369.41,2778.788484848485
C4,babble,539.38,1690.92,2789.59325203252
C4,babble,515.82,1619.75,2655.2337681159424
C4,babble,546.39,1493.57,2754.151074380165
C4,babble,464.54,1537.62,2605.8091954022984
C4,babble,506.56,1353.57,2746.329666666666
C4,babble,529.56,1626.32,2628.601126760563
C4,babble,480.56,1318.2,2701.031157894737
C4,babble,510.23,1925.22,2892.179638554217
C4,babble,524.07,1560.85,2611.5536752136754
C4,babble,558.75,1728.26,2666.9171875
C4,babble,544.42,1754.69,2667.9925641025648
C4,babble,471.44,1674.87,2800.191775147929
C4,babble,391.87,1913.28,2753.2983333333327
C4,babble,453.34,1681.2,2641.1799350649353
C4,babble,540.39,1588.75,2775.902222222222
C4,babble,393.5,1527.28,2624.727704918033
C4,babble,569.33,1637.61,2717.3160526315787
C4,babble,603.86,1499.77,2657.9545333333335
C4,babble,460.55,2022.74,2770.483780487805
C4,babble,493.56,1372.3,2643.17375
C4,babble,485.74,1607.92,2690.204372093023
C4,babble,491.64,1772.23,2782.6677142857143
C4,babble,512.78,1835.54,2892.9369090909086
C4,babble,507.86,1543.81,2585.8261194029847
C4,babble,498.77,1648.09,2763.995
C4,babble,584.11,1416.22,2700.6095402298856
C4,babble,475.38,1806.65,2757.48
C4,babble,482.45,1358.08,2619.2034408602153
C4,babble,539.01,1363.25,2757.402884615384
C4,babble,461.55,1524.98,2750.978548387097
C4,babble,494.62,1871.87,2779.2297
C4,babble,480.86,2043.95,2794.998904109589
C4,babble,521.22,1408.1,2588.3535500000003
C4,babble,509.34,1654.0,2733.6383168316834
C4,babble,565.34,1773.34,2749.023333333333
C4,babble,533.12,1443.65,2652.335892857143
C4,babble,484.41,1448.91,2624.244719101124
C4,babble,518.6,1596.15,2656.8920098039216
C4,babble,565.92,1724.46,2778.3707692307694
C4,babble,580.11,1540.61,2846.5447916666667
C4,babble,477.78,1357.58,2601.434285714286
C4,babble,531.14,1683.07,2686.5913875598085
C4,babble,535.64,1562.8,2673.5611199999994
C4,babble,580.35,1402.62,2737.8779629629626
C4,babble,482.33,1422.21,2653.6539393939393
C4,babble,518.43,1627.5,2658.483454545455
C4,babble,447.08,1663.72,2727.7602688172046
C5,babble,486.19,1337.43,2599.529144736842
C5,babble,546.86,1274.85,2357.2065
C5,babble,530.82,1577.68,2709.4813492063495
C5,babble,537.4,1535.35,2541.272417061611
C5,babble,489.16,1654.59,2558.89868852459
C5,babble,532.35,1421.53,2530.5209523809526
C5,babble,593.17,1381.86,2484.7354477611943
C5,babble,521.04,1687.9,2661.1593684210525
C5,babble,607.97,1369.13,2362.281086956522
C5,babble,554.72,1737.98,2629.7785641025644
C5,babble,516.4,1596.48,2618.3748591549293
C5,babble,591.98,1343.92,2357.880357142857
C5,babble,498.07,1684.68,2744.0750000000003
C5,babble,470.87,1621.28,2715.313823529412
C5,babble,470.03,1521.94,2662.771772151899
C5,babble,582.83,1485.19,2530.959677419355
C5,babble,509.36,1565.02,2666.642564102564
C5,babble,531.3,1323.2,2471.479392712551
C5,babble,493.18,1599.0,2615.57905982906
C5,babble,498.89,1384.1,2477.924285714286
C5,babble,556.49,1372.82,2462.486326530612
C5,babble,552.89,1509.24,2621.064120879121
C5,babble,547.67,1774.31,2668.5589873417725
C5,babble,554.62,1726.92,2582.017741935484
C5,babble,538.96,1176.55,2426.351126760563
C5,babble,526.09,1627.83,2759.9577848101267
C5,babble,496.18,1488.04,2530.6149333333333
C5,babble,494.33,1516.92,2683.064791666666
C5,babble,524.42,1560.79,2562.368372093023
C5,babble,513.81,1613.2,2713.0581818181818
C5,babble,527.51,1360.94,2582.913367875648
C5,babble,529.41,1301.78,2499.7248412698414
C5,babble,566.91,1161.08,2396.527162162162
C5,babble,520.14,1587.51,2632.2581860465116
C5,babble,478.04,1756.12,2743.2088271604935
C5,babble,555.04,1491.92,2451.8706617647063
C5,babble,644.02,1288.92,2351.214946236559
C5,babble,512.67,1643.65,2541.645365853659
C5,babble,520.28,1487.53,2623.1038805970147
C5,babble,519.6,1335.31,2532.4364383561638
C5,babble,578.37,1346.55,2497.541807228916
C5,babble,453.9,1836.18,2814.4514
C5,babble,569.98,1418.7,2594.7434523809525
C5,babble,441.55,1507.99,2738.572551724138
C5,babble,636.81,1384.89,2491.433647058824
C5,babble,475.5,1491.92,2552.2723744292234
C5,babble,542.31,1723.18,2658.0859016393442
C5,babble,533.07,1449.37,2787.945106382979
C5,babble,517.82,1533.71,2629.1820359281437
C5,babble,566.03,1573.71,2608.5416778523495
C5,babble,507.15,1408.63,2527.677395833334
C5,babble,472.38,1553.59,2706.4421848739485
C5,babble,545.75,1666.51,2680.271842105263
C5,babble,473.02,1630.75,2546.16064516129
C5,babble,435.43,1390.46,2454.943257575758
C5,babble,530.2,1660.09,2550.4883098591554
C5,babble,623.21,1388.56,2524.727818181818
C5,babble,489.94,1636.2,2606.5694791666665
C5,babble,488.21,1683.62,2646.2328333333335
C5,babble,463.03,1574.85,2679.284842105263
C5,babble,441.83,1757.89,2615.251441441442
C5,babble,460.17,1696.2,2571.566237623762
C5,babble,541.18,1625.09,2635.126293103449
C5,babble,494.03,1533.88,2451.861527777778
C5,babble,578.85,1364.25,2483.7445355191257
C5,babble,512.91,1557.11,2615.7079617834397
C5,babble,484.25,1631.38,2525.483768115942
C5,babble,464.05,1659.65,2584.5151764705884
C5,babble,518.65,1527.54,2522.822714285714
C5,babble,533.61,1849.28,2716.8731746031744
C5,babble,511.44,1539.49,2586.654064516129
C5,babble,570.26,1397.78,2536.8750847457627
C5,babble,543.59,1594.66,2518.649441624366
C5,babble,544.4,1563.95,2438.60775
C5,babble,505.56,1391.8,2452.997105263158
C5,babble,531.65,1618.1,2522.1185344827586
C5,babble,537.67,1650.39,2666.459907407407
C5,babble,477.62,1614.83,2636.293430656934
C5,babble,493.25,1347.99,2473.9316129032254
C5,babble,498.04,1601.84,2586.0662660944204
C5,babble,460.36,1289.44,2523.3539436619717
C5,babble,491.65,1452.64,2514.198775510204
C5,babble,448.79,1560.58,2645.886875
C5,babble,496.65,1474.01,2639.7017355371904
C5,babble,563.3,1509.91,2563.7009375000002
C5,babble,530.16,1836.78,2659.6295652173912
C5,babble,475.06,1737.36,2835.2191262135916
C5,babble,481.07,1501.53,2588.6381720430104
C5,babble,580.89,1511.76,2474.095384615385
C5,babble,545.94,1489.13,2483.6274999999996
C5,babble,448.3,1568.15,2639.7318981481485
C5,babble,541.25,1790.14,2578.0624731182797
C5,babble,534.07,1572.95,2608.3964021164024
C5,babble,486.66,1787.08,2655.011052631579
C5,babble,547.29,1437.9,2408.5003797468353
C5,babble,435.16,1705.69,2663.5150000000003
C5,babble,485.7,1453.88,2550.5155555555557
C5,babble,503.21,1506.63,2630.4871052631584
C5,babble,514.06,1571.04,2499.3753333333334
C5,babble,482.01,1553.22,2434.1686
C5,babble,505.82,1748.92,2626.921610738255
C5,babble,483.19,1625.38,2587.54695035461
C5,babble,520.07,1633.37,2530.82275862069
C5,babble,465.89,1786.79,2662.611980676328
C5,babble,550.76,1754.18,2643.6453932584272
C5,babble,532.7,1471.72,2554.2724324324327
C5,babble,516.42,1518.07,2591.5719999999997
C5,babble,448.29,1895.53,2863.779619047619
C5,babble,492.94,1740.52,2585.92119047619
C5,babble,486.79,1717.84,2612.520659340659
C5,babble,535.86,1511.48,2508.8264102564103
C5,babble,440.34,1305.4,2704.182058823529
C5,babble,476.14,1418.88,2636.92575
C5,babble,517.58,1638.01,2589.664775086505
C5,babble,520.91,1424.53,2579.71552238806
C5,babble,488.37,1778.35,2666.199891304348
C5,babble,467.4,1530.29,2601.336739130435
C5,babble,594.26,1468.92,2479.7711557788944
C5,babble,515.09,1465.52,2502.656357142857
C5,babble,556.03,1280.27,2537.7797087378644
C5,babble,489.19,1318.76,2642.159266055046
C5,babble,503.34,1877.15,2747.4899270072992
C5,babble,583.96,1708.3,2431.0116535433067
C5,babble,513.32,1497.87,2483.341139240506
C5,babble,481.85,1172.53,2272.9172727272726
C5,babble,503.61,1341.33,2444.957816091954
C5,babble,481.89,1616.83,2399.2797916666664
C5,babble,490.96,1677.2,2558.8551351351357
C5,babble,567.21,1623.7,2591.323755868545
C5,babble,551.14,1368.72,2546.209017857143
C5,babble,510.3,1460.84,2570.2635087719295
C5,babble,525.85,1787.93,2704.0533823529413
C5,babble,503.72,1588.85,2575.3287341772157
C5,babble,473.01,1680.59,2720.490606060606
C5,babble,538.81,1499.28,2482.9247892720305
C5,babble,504.32,1670.54,2596.8481868131867
C5,babble,599.21,1331.02,2643.051463414634
C5,babble,522.17,1579.21,2604.0659800664457
C5,babble,564.95,1706.04,2583.9456410256407
C5,babble,420.5,1239.46,2554.1370945945946
C5,babble,565.25,1450.1,2458.600092592593
C5,babble,466.04,1614.53,2683.009548387097
C5,babble,529.27,1537.07,2524.5819753086416
C5,babble,568.77,1741.72,2663.2117391304346
C5,babble,479.45,1835.39,2902.243762376237
C5,babble,510.94,1399.45,2679.8729931972784
C5,babble,517.9,1168.61,2445.0640624999996
C5,babble,477.9,1562.5,2592.9216504854367
C5,babble,592.97,1230.9,2666.405714285714
C5,babble,462.71,1695.77,2660.4527333333335
C5,babble,604.66,1249.5,2431.9678688524587
C6,babble,481.69,1430.89,2561.927210031348
C6,babble,444.43,1425.71,2454.616776859504
C6,babble,498.39,1361.98,2430.7206666666666
C6,babble,442.12,1319.97,2566.540275229358
C6,babble,361.04,1353.47,2577.5002702702704
C6,babble,467.6,1470.04,2574.4032343234326
C6,babble,496.99,1318.57,2474.6425925925923
C6,babble,498.22,1336.38,2496.999015544042
C6,babble,527.18,1291.97,2497.7941353383458
C6,babble,457.29,1413.99,2507.8619069767446
C6,babble,466.74,1353.13,2546.910934959349
C6,babble,517.23,1526.1,2522.934683544304
C6,babble,525.94,1491.04,2495.6303614457834
C6,babble,497.11,1334.9,2534.658170731707
C6,babble,494.68,1436.28,2518.7295375722542
C6,babble,566.01,1367.19,2520.7683783783787
C6,babble,526.53,1352.95,2504.2738547486033
C6,babble,518.21,1386.35,2496.310055248619
C6,babble,519.82,1398.98,2479.974479495268
C6,babble,491.09,1247.54,2594.8663809523814
C6,babble,492.33,1372.87,2441.2525352112675
C6,babble,546.67,1416.07,2588.698139534884
C6,babble,638.0,1473.34,2386.4096226415095
C6,babble,499.42,1345.6,2500.8352054794523
C6,babble,500.11,1191.22,2512.2766363636365
C6,babble,473.35,1340.71,2487.5794961240313
C6,babble,486.5,1319.35,2574.1306188925087
C6,babble,439.04,1564.42,2465.684698795181
C6,babble,528.44,1413.68,2618.5489000000002
C6,babble,479.02,1309.45,2542.646146788991
C6,babble,495.93,1378.92,2514.1422222222227
C6,babble,566.16,1269.92,2615.5708474576277
C6,babble,511.37,1347.97,2473.6099078341013
C6,babble,505.64,1284.09,2446.5479674796743
C6,babble,493.1,1495.43,2512.203120567376
C6,babble,463.68,1385.17,2554.4014545454547
C6,babble,521.9,1348.15,2449.8214864864863
C6,babble,531.04,1339.59,2509.322466216216
C6,babble,526.76,1421.28,2570.3348214285716
C6,babble,453.16,1407.51,2475.043925233645
C6,babble,525.33,1359.3,2593.700423728814
C6,babble,499.84,1485.85,2544.5476515151518
C6,babble,518.49,1420.37,2482.464405594405
C6,babble,493.76,1386.53,2587.6603435114503
C6,babble,477.55,1372.12,2544.4145882352946
C6,babble,451.97,1386.98,2548.1299755501223
C6,babble,525.51,1338.65,2557.6437313432834
C6,babble,471.83,1328.13,2516.6435121951217
C6,babble,490.71,1325.15,2441.9133333333334
C6,babble,499.81,1299.63,2484.229173228346
C6,babble,499.22,1247.24,2480.8058415841588
C6,babble,532.61,1423.24,2590.033698630137
C6,babble,464.4,1342.93,2438.0159880239516
C6,babble,496.9,1358.03,2581.4138775510205
C6,babble,470.99,1356.49,2417.967207207207
C6,babble,456.28,1587.83,2598.148015873016
C6,babble,535.04,1374.38,2605.082932330827
C6,babble,490.15,1388.61,2508.1414697406344
C6,babble,478.41,1213.89,2574.3725
C6,babble,466.42,1250.2,2546.3492783505153
C6,babble,474.25,1329.83,2482.9161073825503
C6,babble,480.18,1447.25,2599.0362333333333
C6,babble,474.33,1346.66,2527.999094339623
C6,babble,533.46,1457.43,2600.081612903226
C6,babble,505.49,1342.9,2546.5734090909095
C6,babble,532.37,1282.28,2536.985620437956
C6,babble,475.4,1366.52,2601.8853932584266
C6,babble,494.8,1350.36,2557.2103018867924
C6,babble,546.53,1442.56,2510.737123745819
C6,babble,392.26,1482.85,2598.259140625
C6,babble,471.48,1319.63,2567.384016393443
C6,babble,519.79,1475.95,2489.644414168937
C6,babble,445.03,1425.85,2548.7585950413227
C6,babble,439.51,1416.97,2525.228629032258
C6,babble,481.79,1484.03,2520.8778125
C6,babble,454.63,1523.7,2503.140576923077
C6,babble,466.05,1278.56,2518.8866666666668
C6,babble,524.78,1556.7,2457.0720952380952
C6,babble,515.31,1358.86,2544.5584090909088
C6,babble,502.83,1421.73,2511.3591176470586
C6,babble,541.94,1470.48,2492.485785123967
C6,babble,500.06,1428.17,2507.115880597015
C6,babble,504.15,1362.48,2473.7824848484847
C6,babble,464.97,1373.01,2481.479237288136
C6,babble,432.87,1400.22,2582.115436507937
C6,babble,442.08,1540.5,2599.0076344086024
C6,babble,474.95,1491.64,2492.797638888889
C6,babble,466.66,1496.44,2545.6990654205606
C6,babble,447.03,1503.46,2596.82
C6,babble,492.77,1249.78,2456.0129152542377
C6,babble,428.52,1490.89,2593.076341463415
C6,babble,481.04,1451.21,2488.5213414634145
C6,babble,497.13,1524.05,2553.4645531914894
C6,babble,478.29,1756.36,2625.0833333333335
C6,babble,449.45,1477.47,2520.489104477612
C6,babble,448.59,1358.97,2531.685902439024
C6,babble,499.23,1281.27,2653.714947368421
C6,babble,373.05,1628.96,2693.4118934911244
C6,babble,489.52,1375.98,2551.543787878788
C6,babble,441.31,1704.34,2610.2320512820515
C6,babble,447.87,1284.87,2560.3607792207795
C6,babble,471.2,1338.45,2395.7878301886794
C6,babble,388.71,1591.6,2357.4315999999994
C6,babble,499.44,1399.92,2495.361242236025
C6,babble,502.58,1439.75,2421.5013333333336
C6,babble,463.36,1336.99,2495.2360330578513
C6,babble,492.77,1506.43,2572.980630630631
C6,babble,450.59,1379.64,2480.9873109243695
C6,babble,455.67,1423.36,2550.075018315018
C6,babble,471.4,1437.97,2558.8210655737703
C6,babble,454.68,1326.97,2557.1786503067483
C6,babble,487.0,1482.98,2411.1666666666665
C6,babble,499.79,1385.98,2573.9393333333337
C6,babble,412.79,1446.43,2496.8131617647055
C6,babble,452.8,1380.54,2467.3551428571427
C6,babble,483.77,1290.7,2459.1368918918924
C6,babble,461.55,1706.34,2339.846212121213
C6,babble,524.79,1418.51,2558.712816091954
C6,babble,496.62,1271.51,2401.218345323741
C6,babble,498.8,1288.93,2386.7675490196084
C6,babble,450.64,1519.95,2483.5495967741936
C6,babble,507.83,1233.38,2495.280533807829
C6,babble,514.02,1381.63,2480.5686829268298
C6,babble,496.31,1365.54,2525.617453416149
C6,babble,537.45,1365.11,2490.0862500000003
C6,babble,523.18,1598.48,2567.2219999999998
C6,babble,471.52,1540.63,2467.754227941176
C6,babble,518.35,1333.78,2564.133494318182
C6,babble,495.95,1243.36,2464.6215359477123
C6,babble,484.55,1383.0,2430.1592028985506
C6,babble,492.13,1333.79,2515.078178694158
C6,babble,464.28,1501.45,2494.123333333333
C6,babble,415.43,1369.47,2539.309702970297
C6,babble,522.24,1345.33,2438.032396694215
C6,babble,499.08,1240.68,2491.5319753086414
C6,babble,504.8,1211.72,2453.532580645161
C6,babble,479.8,1364.01,2516.176909620991
C6,babble,496.79,1341.07,2520.069805194805
C6,babble,456.09,1371.44,2468.6585714285716
C6,babble,508.9,1218.4,2560.784533762058
C6,babble,464.41,1441.41,2624.0999541284405
C6,babble,447.34,1611.19,2580.949032258065
C6,babble,504.06,1205.64,2444.760865384615
C6,babble,475.88,1350.76,2495.7426521739135
C6,babble,514.79,1360.63,2456.1349166666664
C6,babble,451.99,1358.17,2482.8865231788077
C6,babble,542.28,1407.43,2606.637466666667
C6,babble,524.41,1241.29,2485.0866666666666
C6,babble,463.01,1387.46,2608.585617977528
C6,babble,454.89,1337.65,2581.1071328671333
C6,babble,505.22,1402.7,2557.416511627907
C6,babble,490.93,1315.59,2502.2725146198827
C6,babble,453.78,1442.0,2488.200948275863
C6,babble,456.74,1160.13,2399.119262295082
C6,babble,477.18,1449.48,2407.73768292683
C6,babble,487.0,1385.37,2503.97062992126
C6,babble,428.08,1245.86,2509.899133858268
C6,babble,512.88,1454.84,2546.8231914893618
C6,babble,489.34,1240.0,2445.4805833333335
C6,babble,451.97,1390.78,2569.413284671533
C6,babble,416.67,1515.57,2595.5075925925926
C6,babble,510.0,1447.04,2583.933353658537
C6,babble,475.66,1188.9,2401.995
C6,babble,444.35,1345.35,2524.2971555555555
C6,babble,460.04,1406.79,2504.40850678733
C6,babble,493.2,1326.23,2553.383181818182
C6,babble,409.42,1501.55,2471.9972340425534
C6,babble,480.51,1372.7,2375.770900900901
C6,babble,559.4,1463.07,2405.1866336633666
C6,babble,490.92,1270.18,2575.7947598253277
C6,babble,445.09,1291.0,2633.0318604651156
C6,babble,486.63,1226.11,2492.092705882353
C6,babble,460.88,1407.12,2471.178672839506
C6,babble,510.59,1140.5,2483.2066406250005
