Talker,Category,distance_ssn
AS1,AS,142.61195830961626
AS1,AS,242.29975250632836
AS1,AS,73.53289941014368
AS1,AS,171.20453673837127
AS1,AS,81.78328427855223
AS1,AS,262.4095113009042
AS1,AS,133.9182361811458
AS1,AS,52.81981424656479
AS1,AS,124.20821274059972
AS1,AS,303.429483152193
AS1,AS,37.41311469958603
AS1,AS,74.86847398172321
AS1,AS,585.2403604224389
AS1,AS,147.59292995334874
AS1,AS,289.00300312448803
AS1,AS,47.95927256149531
AS1,AS,178.09342817109044
AS1,AS,132.7760580093036
AS1,AS,13.60806390521849
AS1,AS,119.84122153833478
AS1,AS,78.86646881000138
AS1,AS,101.5131328303959
AS1,AS,68.91949635430629
AS1,AS,39.71137027924671
AS1,AS,44.258633279849796
AS1,AS,109.05647915647715
AS1,AS,125.15461485067569
AS1,AS,52.08750985839575
AS1,AS,102.5464987976788
AS1,AS,110.76751197646067
AS1,AS,73.17544181368375
AS1,AS,41.286063063079055
AS1,AS,199.34650497046133
AS1,AS,19.878829818996937
AS1,AS,82.4545956215331
AS1,AS,8.742181362374454
AS1,AS,210.82592896659526
AS1,AS,63.80107454348763
AS1,AS,185.887259296504
AS1,AS,135.79281856667916
AS1,AS,166.0669753665264
AS1,AS,230.4121532874492
AS1,AS,111.65416644544793
AS1,AS,54.885129609157616
AS1,AS,56.29268017406448
AS1,AS,161.0997933038983
AS1,AS,381.81901353165057
AS1,AS,274.18910722435714
AS1,AS,243.87245276664808
AS1,AS,359.6897655726823
AS1,AS,26.584701469341713
AS1,AS,277.05558690570086
AS1,AS,69.48667199274819
AS1,AS,30.730143336070043
AS1,AS,212.59200439713973
AS1,AS,224.707960742782
AS1,AS,65.905800418216
AS1,AS,99.92552460746032
AS1,AS,143.13464092802025
AS1,AS,57.544094731092706
AS1,AS,262.08703754038845
AS1,AS,189.24920674859564
AS1,AS,181.10916695455447
AS1,AS,198.75857764827563
AS1,AS,140.13269361747754
AS1,AS,55.57261470650325
AS1,AS,282.6041090699999
AS1,AS,208.8047949471074
AS1,AS,57.92435546772988
AS1,AS,93.7577142636173
AS1,AS,62.267494479590134
AS1,AS,36.997644787205566
AS1,AS,71.64562904929483
AS1,AS,116.76437741705902
AS1,AS,93.91061823373103
AS1,AS,219.4077771775814
AS1,AS,117.06112617717785
AS1,AS,44.49300937505228
AS1,AS,88.82817721138234
AS1,AS,160.4702059309591
AS1,AS,329.3603703834309
AS1,AS,125.43151685477545
AS1,AS,110.50186277322169
AS1,AS,38.780643676171096
AS1,AS,132.76148026392718
AS1,AS,147.49493295261613
AS1,AS,85.27111677673693
AS1,AS,235.49912620338736
AS1,AS,94.06519047873229
AS1,AS,51.59611022301077
AS1,AS,119.56964282508105
AS1,AS,128.6773445903927
AS1,AS,169.01567146826676
AS1,AS,387.13118930703956
AS1,AS,87.77418727743425
AS1,AS,122.78328954794276
AS1,AS,56.57910580411624
AS1,AS,92.0228864925513
AS1,AS,53.24264235852227
AS1,AS,228.7768016614031
AS1,AS,232.13681060620442
AS1,AS,286.7633858255707
AS1,AS,396.4422001848269
AS1,AS,316.49991498142373
AS1,AS,96.23092328893873
AS1,AS,182.46469927029807
AS1,AS,156.20932727397079
AS1,AS,190.19151406920915
AS1,AS,198.61639986929967
AS1,AS,152.59232747627865
AS1,AS,167.72569021390657
AS1,AS,203.28333396197755
AS1,AS,95.84737448497104
AS1,AS,10.40087720804328
AS1,AS,240.20597122227178
AS1,AS,10.665966619962811
AS1,AS,78.1266592793076
AS1,AS,80.1643096211874
AS1,AS,68.35663758962187
AS1,AS,334.9687303478264
AS1,AS,370.11937621921896
AS1,AS,39.103077184762604
AS1,AS,107.869600900443
AS1,AS,199.46949366569459
AS1,AS,31.462453723175965
AS1,AS,68.46731621332503
AS1,AS,308.97740962809894
AS1,AS,65.37682577768503
AS1,AS,137.01868669615175
AS1,AS,25.758719845444485
AS1,AS,112.92389844709557
AS1,AS,104.01628831900429
AS1,AS,252.49844141097734
AS1,AS,63.16386168181012
AS1,AS,109.966241612065
AS1,AS,262.58771042848946
AS1,AS,113.29340265879166
AS1,AS,235.33785169075747
AS1,AS,87.19162877688281
AS1,AS,99.0982820468033
AS1,AS,82.58587919171869
AS1,AS,112.54376803381179
AS1,AS,270.710133057114
AS1,AS,99.97553946948203
AS1,AS,77.17466033440782
AS1,AS,32.329335815679656
AS1,AS,150.80948068091925
AS1,AS,385.96634853287424
AS1,AS,43.74005883280018
AS1,AS,269.9859140894149
AS1,AS,352.1800742955724
AS1,AS,163.49626745652057
AS1,AS,143.4182598620877
AS1,AS,382.6296635144475
AS1,AS,174.16424853194437
AS1,AS,274.102423078913
AS1,AS,251.6556658483834
AS1,AS,245.130635418117
AS1,AS,156.29549373500586
AS2,AS,59.54056636287987
AS2,AS,118.20249861069985
AS2,AS,178.36140660976108
AS2,AS,104.84702762984043
AS2,AS,215.07581303533988
AS2,AS,623.4149860508749
AS2,AS,445.71451249966333
AS2,AS,410.4694706282216
AS2,AS,383.19349290901664
AS2,AS,457.32857302251784
AS2,AS,145.54194492589568
AS2,AS,77.69394881721794
AS2,AS,120.49690916290122
AS2,AS,235.12089051764943
AS2,AS,211.2359178923237
AS2,AS,141.93824698724617
AS2,AS,47.343490764966695
AS2,AS,297.1284811875369
AS2,AS,129.8648740337912
AS2,AS,159.79191119331574
AS2,AS,69.93798279770785
AS2,AS,338.7244990664426
AS2,AS,152.41241331601736
AS2,AS,67.6836428009935
AS2,AS,102.68034431093656
AS2,AS,190.166437990021
AS2,AS,85.61498080250018
AS2,AS,251.90458906659964
AS2,AS,37.96995427719782
AS2,AS,102.67803461701294
AS2,AS,58.065693854568785
AS2,AS,101.56254874614214
AS2,AS,52.32080587885182
AS2,AS,43.446250561037964
AS2,AS,208.47998273890101
AS2,AS,169.0649795428151
AS2,AS,121.24630626461368
AS2,AS,115.72884326222443
AS2,AS,179.88277332143977
AS2,AS,136.5056166896164
AS2,AS,224.3260095883053
AS2,AS,115.58307593593675
AS2,AS,91.89175933027141
AS2,AS,408.0666546935837
AS2,AS,75.97159240671814
AS2,AS,28.237043627343315
AS2,AS,186.69672205963485
AS2,AS,165.61520115258892
AS2,AS,129.86535510986934
AS2,AS,40.61145156002794
AS2,AS,26.677254784038578
AS2,AS,102.04307697150496
AS2,AS,522.264642147841
AS2,AS,454.6775121146992
AS2,AS,224.4250919634713
AS2,AS,327.5871847429514
AS2,AS,54.93862136796394
AS2,AS,374.54747036632415
AS2,AS,117.74430651973147
AS2,AS,55.543080242389166
AS2,AS,342.4379351106016
AS2,AS,61.07607348882603
AS2,AS,150.23037117311685
AS2,AS,20.425011084758456
AS2,AS,79.71913420134759
AS2,AS,244.75871986062626
AS2,AS,208.3205475890761
AS2,AS,202.73671219789605
AS2,AS,65.8917661989152
AS2,AS,191.25899275017753
AS2,AS,78.75003862102206
AS2,AS,193.4834328122502
AS2,AS,62.10005360555252
AS2,AS,143.98439878268917
AS2,AS,68.85028077511741
AS2,AS,232.57252455484192
AS2,AS,27.676155672572932
AS2,AS,170.0430769182106
AS2,AS,117.60099896604825
AS2,AS,113.34742219306305
AS2,AS,44.53661395764708
AS2,AS,188.43919168477782
AS2,AS,205.12352281689311
AS2,AS,143.9720418442847
AS2,AS,184.7582379294966
AS2,AS,87.6981495119052
AS2,AS,119.79926484671127
AS2,AS,102.1857968497213
AS2,AS,16.81245216535931
AS2,AS,78.16998521051727
AS2,AS,172.79123748851532
AS2,AS,80.64266257888875
AS2,AS,488.45776861240773
AS2,AS,269.95675613477886
AS2,AS,103.54174946760608
AS2,AS,144.07717519722712
AS2,AS,114.16134342592721
AS3,AS,136.14419556969793
AS3,AS,73.51534752236189
AS3,AS,65.2063542632138
AS3,AS,237.73688157168363
AS3,AS,135.26476204313346
AS3,AS,123.84062110204002
AS3,AS,279.0542482570611
AS3,AS,31.579853813973237
AS3,AS,247.6789271523669
AS3,AS,159.8688774989126
AS3,AS,196.851129394227
AS3,AS,136.13983448740836
AS3,AS,48.51869148456662
AS3,AS,283.26848396482166
AS3,AS,196.9687027667928
AS3,AS,122.23584528702833
AS3,AS,363.9832839113798
AS3,AS,90.05724655677666
AS3,AS,159.3233924545876
AS3,AS,99.77148255998824
AS3,AS,13.674474964377936
AS3,AS,43.73117531925088
AS3,AS,122.55226054018956
AS3,AS,83.33815963858274
AS3,AS,156.58587847893844
AS3,AS,163.48878617509905
AS3,AS,170.35647794691178
AS3,AS,248.2208765680089
AS3,AS,180.57891946555503
AS3,AS,260.96642393222413
AS3,AS,164.7478132654737
AS3,AS,334.16151804440557
AS3,AS,149.24449717942838
AS3,AS,29.160844966441374
AS3,AS,97.79327165606848
AS3,AS,91.96568365229014
AS3,AS,51.40364416632894
AS3,AS,102.84474588109651
AS3,AS,153.59865872288685
AS3,AS,132.00111337491808
AS3,AS,203.22073004153017
AS3,AS,205.91345096258345
AS3,AS,136.98119846496596
AS3,AS,89.52614633991922
AS3,AS,134.83567391751106
AS3,AS,84.12038509993208
AS3,AS,14.490111297548028
AS3,AS,143.68867750014942
AS3,AS,212.3437687463786
AS3,AS,161.1419326813247
AS3,AS,80.78603501414435
AS3,AS,127.8608446161672
AS3,AS,190.5321874487001
AS3,AS,519.0656849272087
AS3,AS,28.952830502782092
AS3,AS,241.68392224066716
AS3,AS,357.87574966963894
AS3,AS,115.58940296790442
AS3,AS,262.4434411065311
AS3,AS,143.51252341086945
AS3,AS,476.60364863773697
AS3,AS,119.93510427018329
AS3,AS,119.12844047001013
AS3,AS,157.60558792270967
AS3,AS,71.64741745615378
AS3,AS,147.41911051075687
AS3,AS,122.14495237512486
AS3,AS,247.54436337695353
AS3,AS,134.39150403469694
AS3,AS,121.99777287016083
AS3,AS,59.22766979168433
AS3,AS,109.54668917136902
AS3,AS,148.24545422900857
AS3,AS,165.20917132750694
AS3,AS,415.9047329825093
AS3,AS,150.66244253987813
AS3,AS,81.10802500772306
AS3,AS,147.5062007329418
AS3,AS,202.2235604294476
AS3,AS,50.6185391903903
AS3,AS,423.4830454326985
AS3,AS,162.99777827533225
AS3,AS,91.84684688043447
AS3,AS,179.10898399160183
AS3,AS,88.94512779657258
AS3,AS,85.32491630081974
AS3,AS,211.341325807621
AS3,AS,348.8819072285089
AS3,AS,461.1813281581792
AS4,AS,61.58409519680473
AS4,AS,92.02290173985817
AS4,AS,40.2387180460518
AS4,AS,66.2307304290101
AS4,AS,254.21086517191478
AS4,AS,206.02785621683853
AS4,AS,227.5453149122753
AS4,AS,40.27177607558847
AS4,AS,228.04960885360583
AS4,AS,165.81483907304298
AS4,AS,128.77936359730307
AS4,AS,134.29939792734692
AS4,AS,129.35275667436733
AS4,AS,189.07049277913626
AS4,AS,47.51385195446303
AS4,AS,241.477673821783
AS4,AS,183.66189887143835
AS4,AS,37.14976516669804
AS4,AS,49.23532279245615
AS4,AS,46.42984291289756
AS4,AS,101.01878210167904
AS4,AS,96.01794948171158
AS4,AS,77.79651060103562
AS4,AS,10.30031378822576
AS4,AS,118.7521872845625
AS4,AS,352.6133432266193
AS4,AS,47.15279664250235
AS4,AS,59.1753266768058
AS4,AS,66.87440405562027
AS4,AS,117.28178609963746
AS4,AS,32.09429528351792
AS4,AS,242.80466570081944
AS4,AS,27.563268563290336
AS4,AS,101.11675300624584
AS4,AS,64.04139424099826
AS4,AS,150.6132513102142
AS4,AS,159.71364000347648
AS4,AS,154.3487615702908
AS4,AS,435.82680660230295
AS4,AS,208.54791591192844
AS4,AS,94.50454950715707
AS4,AS,71.35450660551392
AS4,AS,113.0146433291664
AS4,AS,89.4159637326222
AS4,AS,73.6053780394542
AS4,AS,126.60696491163563
AS4,AS,110.63642181681608
AS4,AS,334.40768730148915
AS4,AS,242.90589528234187
AS4,AS,314.3130221873959
AS4,AS,311.531373774525
AS4,AS,352.09145992474765
AS4,AS,228.50772926456506
AS4,AS,54.482506059972884
AS4,AS,158.39191519999062
AS4,AS,130.14830538045442
AS4,AS,78.1450325387191
AS4,AS,141.80975793161588
AS4,AS,172.42988495359862
AS4,AS,212.48135408752302
AS4,AS,80.35132641605236
AS4,AS,229.2065968504076
AS4,AS,60.37762973711888
AS4,AS,27.287311524471058
AS4,AS,40.03063947856451
AS4,AS,46.286753512439546
AS4,AS,171.68877553120493
AS4,AS,80.27718901612663
AS4,AS,27.753108210710973
AS4,AS,63.54698740332559
AS4,AS,90.86586833102085
AS4,AS,138.95401196426445
AS4,AS,45.23688072304086
AS4,AS,92.26872037292904
AS4,AS,64.71625406144567
AS4,AS,131.19254009405887
AS4,AS,80.94638406627007
AS4,AS,33.89901165174501
AS4,AS,29.63226878185822
AS4,AS,89.04869775955382
AS4,AS,190.04233361694614
AS4,AS,234.66533545484623
AS4,AS,77.89284283780708
AS4,AS,371.5373688844114
AS4,AS,169.11515346777279
AS4,AS,32.4457639497404
AS4,AS,73.99964898228673
AS4,AS,95.58673203413251
AS4,AS,49.44213429256658
AS4,AS,31.095739857843082
AS4,AS,210.92617305585668
AS4,AS,20.533759637915075
AS4,AS,19.883253757611286
AS4,AS,252.86693371770477
AS4,AS,142.30233480503745
AS4,AS,78.44189008580412
AS4,AS,74.36435518897738
AS4,AS,22.736269579239966
AS4,AS,70.45789200538958
AS4,AS,163.1789868652827
AS4,AS,56.41657452565855
AS4,AS,227.07787717688393
AS4,AS,92.58100506195703
AS4,AS,133.45334030943351
AS4,AS,43.38315451696937
AS4,AS,84.77879427815677
AS4,AS,146.87415753195344
AS4,AS,309.90416977021414
AS4,AS,366.72026414373056
AS4,AS,141.94173057550725
AS4,AS,272.7604496100075
AS4,AS,33.681338333574956
AS4,AS,32.543980234473835
AS4,AS,160.70472786461087
AS4,AS,173.09027561979212
AS4,AS,205.6871600821813
AS4,AS,95.0107913228508
AS4,AS,347.59532579618514
AS4,AS,13.192757833671044
AS4,AS,71.8590901593254
AS4,AS,43.32612034765981
AS4,AS,136.898271304233
AS4,AS,90.50880366552778
AS4,AS,66.44528448271907
AS4,AS,163.60849117594083
AS4,AS,114.36191651193194
AS4,AS,17.7641273079754
AS4,AS,214.30930565648535
AS4,AS,49.54961057403417
AS4,AS,134.78483735646716
AS4,AS,36.29337663137321
AS4,AS,109.28928642063318
AS4,AS,569.5804645040283
AS4,AS,148.49864497037714
AS4,AS,31.768869284242964
AS4,AS,90.21829642183307
AS4,AS,45.48885460642131
AS4,AS,89.94367265528696
AS4,AS,132.433291047043
AS4,AS,78.0881967173983
AS4,AS,69.2356771979781
AS4,AS,63.37212308947469
AS4,AS,331.7061670393562
AS4,AS,35.95936150697788
AS4,AS,108.52788035963671
AS4,AS,176.3959390903041
AS4,AS,109.20874542055331
AS4,AS,75.813255787891
AS4,AS,92.28483117693497
AS4,AS,111.85206340754907
AS4,AS,103.6611952738302
AS4,AS,152.99174328347314
AS4,AS,81.47068789501719
AS4,AS,15.19396593129296
AS4,AS,63.92600956013268
AS4,AS,145.7550339656621
AS4,AS,136.97364890154614
AS4,AS,13.539552609581127
AS4,AS,98.03861753182127
AS4,AS,77.13447964899456
AS4,AS,103.47936611565005
AS4,AS,98.89116980476716
AS4,AS,141.7819374680163
AS4,AS,13.531040087267845
AS4,AS,32.13572640686447
AS5,AS,62.88844249803869
AS5,AS,9.413161539774654
AS5,AS,230.374176997804
AS5,AS,121.24568100306969
AS5,AS,106.87336299936807
AS5,AS,55.28049170930203
AS5,AS,480.29699327047246
AS5,AS,47.73919001849686
AS5,AS,62.5806960279796
AS5,AS,69.70204852652846
AS5,AS,325.31358450255095
AS5,AS,70.12108845690337
AS5,AS,44.86002323128989
AS5,AS,184.72174847638843
AS5,AS,60.96585678010754
AS5,AS,107.23208948512763
AS5,AS,247.27335996792962
AS5,AS,216.27133230202145
AS5,AS,56.826406848808375
AS5,AS,233.5692486472104
AS5,AS,105.31006652689055
AS5,AS,108.84507416745421
AS5,AS,84.66048793309902
AS5,AS,211.39451316526774
AS5,AS,103.10472040851866
AS5,AS,118.9514730518647
AS5,AS,61.98989282050824
AS5,AS,117.2647734380805
AS5,AS,12.979398855750933
AS5,AS,141.49551918640108
AS5,AS,124.11089830929161
AS5,AS,126.21138430878318
AS5,AS,359.432694493029
AS5,AS,80.02492250694658
AS5,AS,233.34845590284743
AS5,AS,57.88547916451015
AS5,AS,93.88095005158253
AS5,AS,90.84176090305012
AS5,AS,93.47234493191314
AS5,AS,240.4082964239888
AS5,AS,157.4127069910264
AS5,AS,55.890378095180466
AS5,AS,49.29179679078059
AS5,AS,117.8359987140289
AS5,AS,37.31766411502083
AS5,AS,82.69384403453789
AS5,AS,163.7130726348796
AS5,AS,79.18932337150028
AS5,AS,147.19296468675813
AS5,AS,107.07123312833421
AS5,AS,201.44520124590048
AS5,AS,69.41428711008669
AS5,AS,84.78664213372218
AS5,AS,144.05433968077273
AS5,AS,117.60424442478902
AS5,AS,97.54746208986671
AS5,AS,300.63666838750584
AS5,AS,194.7942727504601
AS5,AS,153.416268597951
AS5,AS,203.90789952692964
AS5,AS,225.05280473817461
AS5,AS,89.15269070630441
AS5,AS,151.15982663313767
AS5,AS,119.95384281048005
AS5,AS,91.4234946214298
AS5,AS,170.73734551432352
AS5,AS,60.975103764892985
AS5,AS,136.4909814116879
AS5,AS,189.74478394493931
AS5,AS,116.57483476957324
AS5,AS,48.51042367369577
AS5,AS,92.9304564037819
AS5,AS,37.582106639785636
AS5,AS,72.12764323610288
AS5,AS,222.2871054743709
AS5,AS,97.97845780033796
AS5,AS,137.45530645983425
AS5,AS,59.32605039105117
AS5,AS,64.40752493920763
AS5,AS,73.39655239367443
AS5,AS,72.64994178392999
AS5,AS,55.62705596201821
AS5,AS,50.721890243060905
AS5,AS,79.40510948231257
AS5,AS,161.19817332808623
AS5,AS,137.71862670390038
AS5,AS,175.01198736727457
AS5,AS,103.74505991480069
AS5,AS,138.4114319445199
AS5,AS,220.44548780743241
AS5,AS,12.611878220268188
AS5,AS,123.35544240332027
AS5,AS,148.87566852625562
AS5,AS,66.46560161545939
AS5,AS,128.21995005822083
AS6,AS,326.79039065913446
AS6,AS,128.99613296596556
AS6,AS,291.21151270077826
AS6,AS,81.30185097115485
AS6,AS,121.86796385103138
AS6,AS,97.96555180829287
AS6,AS,96.23032656291693
AS6,AS,258.4543709523195
AS6,AS,42.102864971136235
AS6,AS,81.5794778923985
AS6,AS,80.26820575456264
AS6,AS,126.87528941586372
AS6,AS,337.8174697992517
AS6,AS,51.30636754249545
AS6,AS,141.32099263629567
AS6,AS,169.61394011980198
AS6,AS,133.13342987546585
AS6,AS,88.00746677722944
AS6,AS,146.2681096533635
AS6,AS,222.28970374252717
AS6,AS,191.58407054160145
AS6,AS,76.18407818573577
AS6,AS,101.82763284526817
AS6,AS,129.73904690672782
AS6,AS,161.25021427549788
AS6,AS,303.5582556927794
AS6,AS,177.80941493289288
AS6,AS,179.41866938113947
AS6,AS,157.2906826782259
AS6,AS,89.67171724496777
AS6,AS,150.32095355708915
AS6,AS,119.94234286052101
AS6,AS,154.57823379880838
AS6,AS,157.30117958630447
AS6,AS,27.466843634513687
AS6,AS,71.17844233144753
AS6,AS,59.29524936213063
AS6,AS,110.17072847719729
AS6,AS,45.00491540788354
AS6,AS,270.693422591179
AS6,AS,242.50490803316364
AS6,AS,206.72854232833032
AS6,AS,110.2438278573372
AS6,AS,48.0909758172653
AS6,AS,309.269676404637
AS6,AS,193.932588849444
AS6,AS,50.657940736946195
AS6,AS,311.6591265987023
AS6,AS,194.70148055883118
AS6,AS,341.6630971377423
AS6,AS,123.12443303776355
AS6,AS,24.222636812010453
AS6,AS,30.278502031793845
AS6,AS,98.6859396299098
AS6,AS,191.95542329353694
AS6,AS,126.6113833806757
AS6,AS,271.9685403347252
AS6,AS,223.40615198725956
AS6,AS,106.07136641743337
AS6,AS,215.90453830271372
AS6,AS,35.499364477587584
AS6,AS,222.0643809258634
AS6,AS,207.89852435617564
AS6,AS,126.01914882800872
AS6,AS,108.0732203741221
AS6,AS,135.2052392052364
AS6,AS,129.1101025056145
AS6,AS,52.65725404817471
AS6,AS,108.44718222158181
AS6,AS,246.43320776620303
AS6,AS,155.80186216812947
AS6,AS,262.29583314954687
AS6,AS,383.13775677817273
AS6,AS,171.33803407350356
AS6,AS,266.83199297683007
AS6,AS,10.672587868037184
AS6,AS,138.45802471704246
AS6,AS,117.69169947292065
AS6,AS,158.83623314504788
AS6,AS,304.86750525003885
AS6,AS,50.76208472624479
AS6,AS,404.16670377305655
AS6,AS,175.79006208301348
AS6,AS,163.3287187301535
AS6,AS,539.2129149923913
AS6,AS,112.97522956202252
AS6,AS,118.301860575064
AS6,AS,195.26017591131412
AS6,AS,129.3075721867218
AS6,AS,115.61192012931461
AS6,AS,103.37638483282004
AS6,AS,43.32020755910278
AS6,AS,37.902876790690435
AS6,AS,162.0160122769552
AS6,AS,44.39489423488431
AS6,AS,33.991087774298244
AS6,AS,87.52294593053351
AS6,AS,64.3085469323103
AS6,AS,244.6297912873439
AS6,AS,176.7244287063011
AS6,AS,102.5897446898173
AS6,AS,222.32268275343534
AS6,AS,186.2294360220835
AS6,AS,120.22699120079622
AS6,AS,19.742414714966387
AS6,AS,79.64031497307312
AS6,AS,218.47162507299083
AS6,AS,58.22224252658279
AS6,AS,140.99321843888245
AS6,AS,108.0424918097141
AS6,AS,99.40733617439588
AS6,AS,106.1534071649665
AS6,AS,143.9440681401328
AS6,AS,117.75022067499613
AS6,AS,130.40868513017983
AS6,AS,240.86880433940388
AS6,AS,212.54901373825115
AS6,AS,79.17224632164326
AS6,AS,315.0852242506831
AS6,AS,22.230043188736197
AS6,AS,68.57990955514349
AS6,AS,213.21453377571666
AS6,AS,279.54297099337157
AS6,AS,4.284507698625043
AS6,AS,31.477025829274037
AS6,AS,310.2999617050031
AS6,AS,128.82563178146674
AS6,AS,112.05066280092474
AS6,AS,100.71664185105878
AS6,AS,80.67763647473687
AS6,AS,136.97658486605795
AS6,AS,303.3975667057396
AS6,AS,34.85986089427788
AS6,AS,28.268281743523097
AS6,AS,79.05577436030822
AS6,AS,162.92736695094663
AS6,AS,30.916319227742243
AS6,AS,77.08779236559431
AS6,AS,49.802647092121404
AS6,AS,47.36408433918421
AS6,AS,49.56831782299005
AS6,AS,235.7664625176363
AS6,AS,283.6214984006973
AS6,AS,183.59551499737083
AS6,AS,206.34358173323136
AS6,AS,262.53913530054723
AS6,AS,132.77157948087947
AS6,AS,177.8655496185343
AS6,AS,224.7062629594384
AS6,AS,67.34700505546266
AS6,AS,108.4724889532268
AS6,AS,178.4821305150639
AS6,AS,164.9612862805569
AS6,AS,134.96230099527992
AS6,AS,171.2802278375412
AS6,AS,236.37995547017093
AS6,AS,87.30675425634469
AS6,AS,213.33763400526342
AS6,AS,243.86969722066468
AS6,AS,367.62101924075955
AS6,AS,226.21633716769531
AS6,AS,153.58166896183687
AS6,AS,232.69862917053806
AS6,AS,184.8372386073407
AS6,AS,189.60575180581264
AS6,AS,245.92388241776922
AS6,AS,177.17035284479692
AS6,AS,93.63159391099039
AS6,AS,142.56655799909032
AS6,AS,225.38898778671918
AS6,AS,268.6997497539725
AS6,AS,117.84876835968211
AS6,AS,307.26560904841597
AS6,AS,234.6330201423136
AS6,AS,68.7721731292335
AS6,AS,162.0374242565831
AS6,AS,45.8066088629347
AS6,AS,238.28879709330263
AS6,AS,152.83341782442093
AS6,AS,68.3574771377511
AS6,AS,68.45020822626913
AS6,AS,235.75416607172193
AS6,AS,106.62660997638824
AS6,AS,132.75669822959657
AS6,AS,330.1296135863681
AS6,AS,261.4123262546116
AS6,AS,204.44720804155526
AS6,AS,77.06265945945385
AS6,AS,72.68903409946103
AS6,AS,134.8553191962479
AS6,AS,91.07255537992154
AS6,AS,183.9105971356129
AS6,AS,54.46976015493228
AS6,AS,106.89725735244747
AS6,AS,248.0617927924992
AS6,AS,169.21870019176853
AS6,AS,301.56602081997937
AS6,AS,201.46335866675437
AS6,AS,158.51174212007302
AS6,AS,244.25852818262132
AS6,AS,161.51295587513067
AS6,AS,164.51160327123029
AS6,AS,51.38190812887104
AS6,AS,167.90014458817845
AS6,AS,128.93568431563284
C1,C,156.1486567566398
C1,C,97.78365875869129
C1,C,151.86909973253154
C1,C,98.05310123551857
C1,C,41.97466980496862
C1,C,129.303978394207
C1,C,101.25945740309572
C1,C,86.61567936524358
C1,C,257.0895441415355
C1,C,52.421638775440265
C1,C,86.70638213862586
C1,C,90.3663236696584
C1,C,45.94722763021436
C1,C,158.12643908774183
C1,C,51.174148570374825
C1,C,131.0692652451469
C1,C,200.26512003733777
C1,C,59.08098600144324
C1,C,116.22204968752412
C1,C,101.71947872410023
C1,C,59.612782272228834
C1,C,64.06289425428805
C1,C,108.07457981367656
C1,C,53.209096608595225
C1,C,72.22736233752438
C1,C,109.2371098203483
C1,C,271.91157562138187
C1,C,53.22480548174405
C1,C,188.2222079845237
C1,C,57.88457929566459
C1,C,178.94849688826463
C1,C,37.66855185123839
C1,C,92.84031521149375
C1,C,23.469248750285516
C1,C,26.06558360308576
C1,C,117.24318727287688
C1,C,36.98228923285785
C1,C,49.42570105963173
C1,C,87.26630853448573
C1,C,175.12678095283607
C1,C,274.8411344429769
C1,C,250.65062312955828
C1,C,124.55491543319097
C1,C,47.60106994843861
C1,C,177.37484874854516
C1,C,160.66435086924537
C1,C,17.014433585521292
C1,C,18.944927823460304
C1,C,29.288122710456523
C1,C,37.79260163801134
C1,C,83.53589184837072
C1,C,146.204841661404
C1,C,27.67420568392312
C1,C,221.1272999508864
C1,C,61.01846877710735
C1,C,73.56311920319065
C1,C,108.82666492440889
C1,C,267.51453883587186
C1,C,101.30240610125058
C1,C,229.0728020053214
C1,C,263.36288070563256
C1,C,189.41368886268384
C1,C,66.94001929764738
C1,C,164.8796393137612
C1,C,113.86592994352029
C1,C,235.13351792170414
C1,C,59.783659600564256
C1,C,138.69612459222728
C1,C,155.880953049336
C1,C,134.66525846298626
C1,C,64.51149335766571
C1,C,65.98795496328223
C1,C,62.787565716226695
C1,C,230.43026744238526
C1,C,34.91770971731652
C1,C,83.20531958296161
C1,C,78.24747021620689
C1,C,82.07295042767052
C1,C,33.89653089775982
C2,C,117.5417648683567
C2,C,27.537492109874457
C2,C,93.2718525156512
C2,C,108.67566668778596
C2,C,44.82894643383961
C2,C,106.37222564357701
C2,C,55.853603181603795
C2,C,94.12504208074162
C2,C,107.74313309921305
C2,C,89.16267845928995
C2,C,64.62718742939944
C2,C,188.33680799753773
C2,C,81.3550758303872
C2,C,238.41018942507773
C2,C,150.37937526481065
C2,C,71.15057405508432
C2,C,179.73650361024244
C2,C,81.97720941437346
C2,C,109.17780881831273
C2,C,53.84085573894033
C2,C,63.1627225640361
C2,C,63.40673371208094
C2,C,118.07022947537646
C2,C,106.9919386996113
C2,C,137.59814414337637
C2,C,115.47527432327124
C2,C,80.27919425377107
C2,C,6.633254357256158
C2,C,148.29639393806818
C2,C,32.28381374674816
C2,C,188.48849457823152
C2,C,25.86771420841141
C2,C,60.6975070605711
C2,C,121.44404111236322
C2,C,254.61787418607264
C2,C,47.85821556119074
C2,C,70.91460231645816
C2,C,65.39004674541884
C2,C,101.95800003776749
C2,C,122.00085189607493
C2,C,67.9250540181461
C2,C,54.227433140752
C2,C,267.9598350593513
C2,C,128.74634061479736
C2,C,122.876322766843
C2,C,100.95326821538787
C2,C,109.22712348604055
C2,C,33.46924640673466
C2,C,221.39580558365307
C2,C,167.69814990045273
C2,C,13.616257318663495
C2,C,6.567541780203787
C2,C,32.454339284109
C2,C,33.13250098772189
C2,C,89.49425259032778
C2,C,114.32353270449057
C2,C,93.5520718015804
C2,C,27.308437738204393
C2,C,54.70439139930234
C2,C,53.7262690717311
C2,C,52.491602550961154
C2,C,75.71318712770406
C2,C,71.80012782046222
C2,C,88.96948416939408
C2,C,32.630525790554834
C2,C,83.57512945468912
C2,C,72.87907996607397
C2,C,96.68681423390376
C2,C,46.39894266074079
C2,C,124.36797074287821
C2,C,70.72890213131683
C2,C,14.037411799713013
C2,C,58.28399877640576
C2,C,201.9593551849019
C2,C,79.508122834723
C2,C,61.068268328988914
C2,C,56.09865139527019
C2,C,58.08363349545824
C2,C,132.18044641083654
C2,C,17.368611680309787
C2,C,90.94998582573498
C2,C,38.92467893296909
C2,C,116.62670883364605
C2,C,51.25401338790999
C2,C,68.00017080886435
C2,C,110.51241086427683
C2,C,27.643244895779862
C2,C,57.70751031452834
C2,C,111.9215867473058
C2,C,209.86767592152304
C2,C,18.848803145948583
C2,C,46.45407477679499
C2,C,88.42335898035127
C2,C,99.81798930237021
C2,C,109.31208848232693
C2,C,172.40436853040595
C2,C,256.419163019007
C2,C,151.56734976032274
C2,C,139.82849055790243
C2,C,26.550373130486488
C2,C,36.93573547439838
C2,C,142.02818463260988
C2,C,42.90659065576526
C2,C,305.9281001123763
C2,C,219.33415155503735
C2,C,29.97821842662978
C2,C,58.67810974603788
C2,C,122.45529029691362
C2,C,99.0436033019535
C2,C,77.79586662135742
C2,C,47.59940060933612
C2,C,72.94614849349296
C2,C,47.8582758956212
C2,C,51.277535009996335
C2,C,67.51931239801984
C2,C,133.3764928565053
C2,C,205.1984706449704
C2,C,14.208480332817219
C2,C,448.20148015526223
C2,C,30.59555967295561
C2,C,157.4537739730874
C2,C,26.82280631045272
C2,C,84.41773029623607
C2,C,36.3172680007009
C2,C,132.50458585159
C2,C,30.806176139989596
C2,C,87.19169434853333
C2,C,9.15723648459097
C2,C,121.38370365649602
C2,C,64.90029607047053
C2,C,6.818875520792021
C2,C,48.69957662411496
C2,C,152.29785426383398
C2,C,86.37778797257275
C2,C,125.2835108731448
C2,C,215.44081145031015
C2,C,154.89357945064978
C2,C,64.7490775097844
C2,C,256.1072113166047
C2,C,127.3260837902748
C2,C,88.45391265155014
C2,C,124.8271476751007
C2,C,93.82184805098109
C3,C,76.81840671028127
C3,C,221.965984993085
C3,C,77.51688682370762
C3,C,92.04356683751885
C3,C,65.97731923889148
C3,C,125.49902751529143
C3,C,119.5888534222124
C3,C,204.11959110219738
C3,C,62.62464488748804
C3,C,58.405389406529686
C3,C,317.5223234786553
C3,C,369.3392568967744
C3,C,122.10350185421238
C3,C,122.97410593090791
C3,C,135.72119796993752
C3,C,74.07100992782784
C3,C,152.64529233398736
C3,C,181.8202974262574
C3,C,239.33133863735955
C3,C,35.0184324250268
C3,C,68.55682665218137
C3,C,49.2238395332489
C3,C,202.94269460601555
C3,C,378.0642646496253
C3,C,152.4005638679983
C3,C,470.9380782987591
C3,C,239.29893446518446
C3,C,133.9528081931828
C3,C,93.82002198391234
C3,C,129.2251859720314
C3,C,124.24769127546762
C3,C,74.04787499806051
C3,C,284.38538917883045
C3,C,65.43178585838278
C3,C,86.06439899256036
C3,C,296.2086330135031
C3,C,262.8899307580084
C3,C,280.4235055303859
C3,C,88.57071487772104
C3,C,186.03155228364244
C3,C,362.26839726699166
C3,C,55.094449332795385
C3,C,11.552045925364505
C3,C,85.05230809171714
C3,C,79.60722669983825
C3,C,259.2212960913586
C3,C,92.18191866904324
C3,C,199.28220415769812
C3,C,447.4110179795597
C3,C,145.9910370481524
C3,C,168.0463108939367
C3,C,176.13411655312694
C3,C,116.15427945699088
C3,C,260.4533070896787
C3,C,38.99540942435157
C3,C,67.89327645123589
C3,C,71.33242959361776
C3,C,46.73813846618127
C3,C,93.86758141455037
C3,C,102.63999573782968
C3,C,121.74017912731429
C3,C,100.95223753260535
C3,C,201.38216825107952
C3,C,163.93552159497708
C3,C,113.19237968341764
C3,C,178.2513443569546
C3,C,67.35990535553191
C3,C,215.07852766568632
C3,C,338.08627544616706
C3,C,102.93857989951316
C3,C,95.84906152995339
C3,C,114.04742245884457
C3,C,238.63688883265357
C3,C,70.92485585741511
C3,C,226.88683508293389
C3,C,55.16870840688496
C3,C,245.6200230087916
C3,C,121.1382454175375
C3,C,232.47890524268925
C3,C,73.62200130513229
C3,C,64.92640517929614
C3,C,156.38089175882027
C3,C,26.06965721454625
C3,C,45.41058956963376
C3,C,231.47439265273061
C3,C,325.7124963258844
C3,C,102.82208591410921
C3,C,184.31841614311364
C3,C,128.8630070378598
C3,C,258.22825319334004
C3,C,71.49426351934012
C3,C,44.68962579783585
C4,C,98.60925854453579
C4,C,48.27737768047404
C4,C,185.40850107452798
C4,C,25.36456599674254
C4,C,178.2836017296685
C4,C,465.50486096624536
C4,C,53.85120735139658
C4,C,73.38431777773204
C4,C,469.37081547610455
C4,C,68.92289946529473
C4,C,190.70046823016247
C4,C,306.82317062634525
C4,C,184.21460924205508
C4,C,166.2642374601441
C4,C,106.55942166558086
C4,C,154.20247613350128
C4,C,142.25776211934175
C4,C,156.82023947247112
C4,C,247.68142907412994
C4,C,154.6277880773797
C4,C,98.52689643291853
C4,C,347.08522454247884
C4,C,428.16124205222366
C4,C,199.5911652183112
C4,C,156.16077094841458
C4,C,148.52135653064576
C4,C,149.32823735216007
C4,C,201.6495065595332
C4,C,109.30826510700462
C4,C,136.45306494616818
C4,C,404.23932445174523
C4,C,125.86497704168205
C4,C,415.59127638607004
C4,C,177.78530309253125
C4,C,85.29541588328854
C4,C,415.44348566706816
C4,C,159.93016650464415
C4,C,181.61516537916958
C4,C,131.7329574203173
C4,C,157.90750744724977
C4,C,204.51395345600017
C4,C,169.08677600777426
C4,C,70.40991120363073
C4,C,136.2808266804365
C4,C,108.2678477005206
C4,C,187.7697670904537
C4,C,234.85546852416127
C4,C,91.18358587598497
C4,C,330.4055015177613
C4,C,84.70794189863852
C4,C,164.3151811175797
C4,C,93.93307828290926
C4,C,55.47757437202122
C4,C,320.98606277485527
C4,C,397.77134726901005
C4,C,206.00719003399678
C4,C,49.397070972914186
C4,C,117.9562656059571
C4,C,116.17009924332156
C4,C,200.78470707626914
C4,C,163.35347947994018
C4,C,260.9556453608602
C4,C,304.2219238207584
C4,C,276.87617432383604
C4,C,227.90048863638535
C4,C,131.20871458559137
C4,C,73.7745793495507
C4,C,200.1671013695888
C4,C,48.56489223917976
C4,C,165.18648717647338
C4,C,387.6504611866253
C4,C,155.40601893331896
C4,C,283.2172630167572
C4,C,90.83652621992522
C4,C,217.88879241072314
C4,C,70.04634337853169
C4,C,281.6883062592465
C4,C,271.2734436333627
C4,C,41.44633407435575
C4,C,175.4779193252051
C4,C,195.6864116915204
C4,C,159.6214795091909
C4,C,79.84968985978043
C4,C,126.03159374023308
C4,C,318.06095244575886
C4,C,109.25703630980976
C4,C,78.07402614316221
C4,C,74.34113074673493
C4,C,87.75543712900738
C4,C,51.28441681644735
C4,C,169.27893580774656
C4,C,144.85722615977144
C4,C,222.82665209351237
C4,C,151.07058390270166
C4,C,274.93751918973015
C4,C,293.79518755963875
C4,C,94.60172637538452
C4,C,181.02704751832823
C4,C,386.27698426220434
C4,C,77.3811449624722
C4,C,234.70662303331636
C4,C,182.40583812806813
C4,C,258.84613959494027
C4,C,325.27263683055673
C4,C,48.42800850957152
C4,C,452.96606656371443
C4,C,77.8948648545149
C4,C,125.44343798383021
C4,C,186.7776105645513
C4,C,79.89852624237298
C4,C,466.9571539185404
C4,C,189.39641452045245
C4,C,271.99883794917827
C4,C,260.4077438282188
C4,C,91.8907605295722
C4,C,126.0038254705113
C4,C,167.0570648631869
C4,C,140.40985086774754
C4,C,217.21346909941673
C4,C,242.17627574393669
C4,C,55.77569090296558
C4,C,215.16275821039108
C4,C,285.22909065907584
C4,C,294.0471317165044
C4,C,447.517692983421
C4,C,128.62595668527865
C4,C,217.2153256752461
C4,C,144.12645479128105
C4,C,74.97757478541956
C4,C,313.7325798083505
C4,C,143.4824289179795
C4,C,46.38692699137463
C4,C,116.12899765219359
C4,C,94.78559098408962
C4,C,295.18700654534797
C5,C,107.29743695190515
C5,C,227.29085867682394
C5,C,175.90601580289416
C5,C,267.83230363428555
C5,C,254.80749314501736
C5,C,252.23695567233625
C5,C,115.31081283057559
C5,C,258.0388882142538
C5,C,288.96875855574444
C5,C,236.35145470516593
C5,C,76.775456091436
C5,C,111.5504273682895
C5,C,84.8615883120743
C5,C,79.569993115797
C5,C,202.08663639055433
C5,C,244.45143491263886
C5,C,334.6659831552172
C5,C,97.55823016254462
C5,C,112.56033608890847
C5,C,286.0189735000948
C5,C,35.18675947068737
C5,C,98.9944830970293
C5,C,211.2414858469995
C5,C,111.46978256571576
C5,C,104.05041053858471
C5,C,112.5292306365239
C5,C,154.06669222790515
C5,C,126.33702059985455
C5,C,114.77067389733298
C5,C,117.88718345116258
C5,C,54.33364211285686
C5,C,112.79768987549357
C5,C,208.0191127671877
C5,C,306.5252727597647
C5,C,233.57577218634657
C5,C,105.23834339463936
C5,C,176.4455614552208
C5,C,140.64314663874646
C5,C,119.84717581840641
C5,C,125.08974919332103
C5,C,189.856814102755
C5,C,115.89194296260648
C5,C,128.23828641575048
C5,C,391.1578892545159
C5,C,305.16507960585545
C5,C,78.16401786786575
C5,C,60.00092518993346
C5,C,147.71877269070436
C5,C,94.54460495051028
C5,C,140.37695164252597
C5,C,169.99039977259906
C5,C,174.56864965865992
C5,C,153.7712122851611
C5,C,415.7438195153936
C5,C,377.26680693489084
C5,C,113.08232904414378
C5,C,228.6076676151701
C5,C,99.86760719096081
C5,C,384.90469581813113
C5,C,62.34511732323566
C5,C,152.8204347921048
C5,C,118.43847307208941
C5,C,243.63749066604692
C5,C,184.33840128320543
C5,C,286.59094595546463
C5,C,207.388749315984
C5,C,90.59765208683959
C5,C,131.59108530462095
C5,C,79.72972430686053
C5,C,224.9317436798286
C5,C,97.85903738157228
C5,C,7.524179878763972
C5,C,136.8103424615554
C5,C,213.3033762068667
C5,C,116.59033522744507
C5,C,82.79025509109171
C5,C,62.09496690431535
C5,C,344.3009344577038
C5,C,425.2594215135606
C5,C,206.58748274096394
C5,C,107.33792142410822
C5,C,168.84975240150064
C5,C,298.1360807732738
C5,C,194.59327303390543
C5,C,214.99038836294065
C5,C,72.21166790794962
C5,C,115.09709271588049
C5,C,139.33769119821125
C5,C,159.93286956610274
C5,C,52.623630817799054
C5,C,116.03662102133109
C5,C,215.8997037599823
C5,C,74.02104599941815
C5,C,91.1467223483544
C5,C,233.34423419585085
C5,C,143.4804488996603
C5,C,317.3453003396271
C5,C,516.8876982777285
C5,C,29.551997138061726
C5,C,96.9167471825587
C5,C,287.5625255245337
C5,C,176.25187558618515
C5,C,348.8436507991053
C5,C,264.7845942898641
C5,C,35.987359342524925
C5,C,484.7658389379847
C5,C,25.69144484158115
C5,C,228.53397856696944
C5,C,163.21698133848702
C5,C,256.00737291032857
C5,C,174.45297005797306
C5,C,303.43597050786207
C5,C,95.29490917592594
C5,C,196.41175911754385
C5,C,92.3387679214316
C5,C,98.94614318328934
C5,C,10.736972406037248
C5,C,194.9917042554579
C5,C,46.378255280335935
C5,C,79.23209978063213
C5,C,166.48148083570112
C5,C,330.63218198664225
C5,C,119.18340557832697
C5,C,152.91258792279973
C5,C,272.57769601427054
C5,C,307.22914372117765
C5,C,132.3565186987327
C5,C,142.64023783087308
C5,C,229.27571740515415
C5,C,292.9752711647318
C5,C,100.42295627419082
C5,C,216.85600295598948
C5,C,52.819909553576736
C5,C,96.49116702604447
C5,C,134.32965164716225
C5,C,86.11710042754581
C5,C,203.01971340056633
C5,C,191.78811958316896
C5,C,101.81976918677456
C5,C,33.239682628569284
C5,C,99.60024652001627
C5,C,226.2546936734089
C5,C,106.49646386452443
C5,C,205.83363902250784
C5,C,99.44222251562967
C5,C,233.95781190387282
C5,C,89.70671396750645
C5,C,113.98307660546821
C5,C,74.31468264379524
C5,C,92.82456360494248
C5,C,37.163141089633605
C5,C,129.29516377826366
C5,C,218.36938992186597
C5,C,108.20314853666667
C5,C,41.84312454451737
C5,C,228.710121317899
C5,C,49.190377136671934
C5,C,65.53740246643895
C5,C,206.7562032918193
C5,C,120.69395891281363
C5,C,299.87867341384606
C5,C,185.9683801758996
C5,C,152.63809172696028
C5,C,147.74618988132343
C5,C,139.0687618944241
C5,C,130.0372681735818
C5,C,261.29744695509
C6,C,123.56617651462062
C6,C,51.22730555760644
C6,C,224.09257011683212
C6,C,126.24914942908462
C6,C,132.84985580653603
C6,C,91.06491287300172
C6,C,132.78085240704837
C6,C,196.32561113572874
C6,C,112.18549237899433
C6,C,11.060081812192106
C6,C,58.231620869312835
C6,C,115.14832681835802
C6,C,46.289659452110634
C6,C,130.03158343626515
C6,C,312.84918724973113
C6,C,174.61036955624212
C6,C,66.63347983328197
C6,C,137.135580484032
C6,C,130.14073745014443
C6,C,181.9616529407842
C6,C,125.2739650613501
C6,C,102.09246129583883
C6,C,127.75161806829459
C6,C,137.5091247438416
C6,C,50.80122073771838
C6,C,69.5621368611718
C6,C,81.13727314907356
C6,C,156.7634016410315
C6,C,145.54658054963843
C6,C,417.4799998768711
C6,C,110.29601263618919
C6,C,108.4745095359615
C6,C,120.87563952909362
C6,C,113.30587618672902
C6,C,99.51474404110881
C6,C,66.48766368426843
C6,C,82.15841687141618
C6,C,128.5806958817786
C6,C,145.86249383089321
C6,C,186.3178858337742
C6,C,64.30546609011837
C6,C,98.39050209975761
C6,C,186.49483661670743
C6,C,45.63588459553938
C6,C,170.96712784463102
C6,C,88.76859627532922
C6,C,151.13355471136225
C6,C,22.616147515489605
C6,C,93.59205214823214
C6,C,71.20536878682246
C6,C,126.38203799766164
C6,C,84.66265229761798
C6,C,82.29303226696881
C6,C,113.23189598813315
C6,C,87.13724541100301
C6,C,114.81800934116293
C6,C,94.44188332152937
C6,C,45.31317565363723
C6,C,170.29574577317658
C6,C,116.82245926112583
C6,C,48.46160655294445
C6,C,132.31806658225997
C6,C,63.760771273898236
C6,C,40.83139241524095
C6,C,389.63491309213725
C6,C,136.99619599077326
C6,C,18.21981811633655
C6,C,56.80497967557413
C6,C,109.12801512303044
C6,C,103.32866806490536
C6,C,141.10350399951957
C6,C,27.66200655352725
C6,C,156.38202237531135
C6,C,184.48153240993366
C6,C,249.88138580573047
C6,C,71.02993541681829
C6,C,57.74545753513768
C6,C,205.22949984485012
C6,C,92.23068634376716
C6,C,83.58520503245401
C6,C,263.57305505365554
C6,C,199.55328301688579
C6,C,398.53885068264344
C6,C,88.1153166506389
C6,C,261.9448841127028
C6,C,91.43555855938861
C6,C,313.5853148372342
C6,C,292.1000183964258
C6,C,92.17364999522587
C6,C,68.69419906143735
C6,C,29.489036580437674
C6,C,193.23563450084038
C6,C,134.54985064908976
C6,C,106.58485813985209
C6,C,438.1017970036385
C6,C,81.49730687846295
C6,C,160.59796346488142
C6,C,429.8524794119109
C6,C,137.23384806031777
C6,C,164.44028782415924
C6,C,149.97150163761896
C6,C,133.46210580045712
C6,C,134.769643768793
C6,C,149.00818900631745
C6,C,67.26926471515347
C6,C,76.05126548301077
C6,C,88.49537556953112
C6,C,107.69598611516305
C6,C,265.5929922309553
C6,C,117.6462091412952
C6,C,187.2409413037581
C6,C,120.5234560430765
C6,C,101.25995829271488
C6,C,57.899335545128594
C6,C,125.31447956169058
C6,C,308.95584572324793
C6,C,179.83616373749012
C6,C,191.82743138447998
C6,C,118.13679931944316
C6,C,100.4035605242283
C6,C,74.35026651981408
C6,C,214.73444269246227
C6,C,101.08537208873199
C6,C,433.0466298654423
C6,C,251.37164048041956
C6,C,230.30610371783965
C6,C,35.96429857778938
C6,C,20.099371266718325
C6,C,83.95287415236228
C6,C,118.90709723221894
C6,C,150.09494147561216
C6,C,91.55754164222299
C6,C,353.7588953347214
C6,C,82.78818069517783
C6,C,94.90897413939513
C6,C,120.32325058594192
C6,C,97.12319166755364
C6,C,81.14824164572148
C6,C,38.650743205239756
C6,C,100.38569596034282
C6,C,103.97264810248107
C6,C,20.901441868741617
C6,C,44.93822458044337
C6,C,213.8589433343095
C6,C,166.87040073345045
