Talker,Category,distance_babble
AS1,AS,135.01958921658039
AS1,AS,142.50591879954888
AS1,AS,127.95937906013525
AS1,AS,184.8751969968598
AS1,AS,272.2694900768293
AS1,AS,58.85735672360676
AS1,AS,219.8941439525566
AS1,AS,223.33312902124703
AS1,AS,108.7083093918522
AS1,AS,115.68671434081185
AS1,AS,244.03486970415585
AS1,AS,158.40606805407376
AS1,AS,327.5986832261764
AS1,AS,108.82671628980151
AS1,AS,84.19874641425045
AS1,AS,101.65975483397372
AS1,AS,382.7174605080507
AS1,AS,371.684498383267
AS1,AS,246.64642680497604
AS1,AS,50.50504585040948
AS1,AS,110.71141802844515
AS1,AS,86.87456796502948
AS1,AS,172.8841761724733
AS1,AS,170.79389064158553
AS1,AS,123.26873680817418
AS1,AS,251.66264226307976
AS1,AS,152.26273461426516
AS1,AS,290.1913013961773
AS1,AS,71.48928437528164
AS1,AS,57.50351369600371
AS1,AS,202.27667855194565
AS1,AS,140.7876121208706
AS1,AS,247.6532106696227
AS1,AS,37.356988892449486
AS1,AS,238.28777744959802
AS1,AS,168.18145714901436
AS1,AS,100.30527410312831
AS1,AS,196.2466750268919
AS1,AS,106.64078731798763
AS1,AS,144.5354166875427
AS1,AS,41.91124666532369
AS1,AS,68.75227211648718
AS1,AS,183.81511663983855
AS1,AS,315.72886945180915
AS1,AS,183.5122319585831
AS1,AS,191.1286223115121
AS1,AS,234.43136001192676
AS1,AS,57.7298669291926
AS1,AS,128.27797397868432
AS1,AS,59.65068996745381
AS1,AS,62.97254444274393
AS1,AS,213.492199826356
AS1,AS,74.32195518061405
AS1,AS,51.81476495542978
AS1,AS,56.19219466420143
AS1,AS,121.38842569863591
AS1,AS,165.87356799623123
AS1,AS,92.37050292990949
AS1,AS,98.08944271538127
AS1,AS,430.6683452357236
AS1,AS,36.41225230236784
AS1,AS,208.81397731277403
AS1,AS,83.50994820651833
AS1,AS,90.8235293633048
AS1,AS,37.550525692728364
AS1,AS,148.61438001316301
AS1,AS,135.88337529866874
AS1,AS,130.05158394005636
AS1,AS,384.4079566327406
AS1,AS,147.0200551220008
AS1,AS,13.00610116008838
AS1,AS,91.00623448787594
AS1,AS,48.1839776611324
AS1,AS,169.86511489741082
AS1,AS,151.70291524876066
AS1,AS,182.46706929104337
AS1,AS,52.668193075794505
AS1,AS,586.9805653868523
AS1,AS,193.35417147477514
AS1,AS,265.4507138145008
AS1,AS,107.23619787312036
AS1,AS,247.472614841222
AS1,AS,120.89874550192069
AS1,AS,154.84045667253426
AS1,AS,285.7276417882411
AS1,AS,62.65344268115062
AS1,AS,254.59573164706353
AS1,AS,72.82392890986601
AS1,AS,20.33621878036784
AS1,AS,157.1571286581555
AS1,AS,314.9033150313465
AS1,AS,180.19189431367877
AS1,AS,407.6454182909377
AS1,AS,244.92851393925085
AS1,AS,117.34009133404888
AS1,AS,69.77436139991381
AS1,AS,122.0871135048174
AS1,AS,123.03758408604754
AS1,AS,214.5893491487314
AS1,AS,118.44218039052737
AS1,AS,60.95419804337142
AS1,AS,120.44521422109611
AS1,AS,164.71164706155824
AS1,AS,250.0277774771134
AS1,AS,223.76082797257607
AS1,AS,212.7700833451376
AS1,AS,175.3428327054733
AS1,AS,162.3044030819875
AS1,AS,96.4488147357867
AS1,AS,217.30986164795956
AS1,AS,106.17887433139869
AS1,AS,93.7476056253698
AS1,AS,66.75571066730353
AS1,AS,189.73908077747953
AS1,AS,195.8822683385493
AS1,AS,72.26673285635151
AS1,AS,154.83262169575136
AS1,AS,96.34635536549351
AS1,AS,196.3586019413259
AS1,AS,32.31376624235776
AS1,AS,184.53538050393306
AS1,AS,219.99342449375624
AS1,AS,81.21120214350543
AS1,AS,18.054496330035352
AS1,AS,184.0572951232203
AS1,AS,135.28828468970624
AS1,AS,89.29729730902737
AS1,AS,79.96794464124382
AS1,AS,156.4826457265894
AS1,AS,120.22520249503714
AS1,AS,107.65168167467934
AS1,AS,72.88109206433401
AS1,AS,95.48069711658566
AS1,AS,112.65633017924635
AS2,AS,79.49659906444099
AS2,AS,184.8700970352223
AS2,AS,272.2095574879994
AS2,AS,42.01907879538189
AS2,AS,449.99367819760806
AS2,AS,41.943516099780034
AS2,AS,252.72294800396057
AS2,AS,307.1592449167248
AS2,AS,40.960198276039876
AS2,AS,130.5720522080147
AS2,AS,22.83119932926196
AS2,AS,260.43244809895026
AS2,AS,112.41439668837998
AS2,AS,102.85329893986136
AS2,AS,87.03163423613559
AS2,AS,50.52164256843306
AS2,AS,168.06443173025175
AS2,AS,125.78614219305905
AS2,AS,36.933978770401865
AS2,AS,59.54713186050597
AS2,AS,5.6139649814100245
AS2,AS,168.71048904206415
AS2,AS,374.68433970185146
AS2,AS,84.80368608033777
AS2,AS,203.19884594360394
AS2,AS,196.96490425406355
AS2,AS,26.3406185920625
AS2,AS,304.7219894392469
AS2,AS,42.95888235059771
AS2,AS,430.60694278867874
AS2,AS,87.28909987972438
AS2,AS,240.07658132940102
AS2,AS,120.66921300734705
AS2,AS,74.94917586479869
AS2,AS,36.9472464848531
AS2,AS,127.86970128929082
AS2,AS,170.19332637566163
AS2,AS,44.50210717272282
AS2,AS,279.35888717349314
AS2,AS,200.43159171600806
AS2,AS,376.4145223391527
AS2,AS,173.56109574963077
AS2,AS,41.659141767594086
AS2,AS,50.8568213007114
AS2,AS,102.80147546515339
AS2,AS,431.30805595051476
AS2,AS,80.62538361342844
AS2,AS,199.06638466303787
AS2,AS,19.66464283460277
AS2,AS,121.77605722313591
AS2,AS,198.43084694122663
AS2,AS,361.08489927967423
AS2,AS,180.1461273322648
AS2,AS,20.13376747686595
AS2,AS,102.31485440937928
AS2,AS,249.20015744941367
AS2,AS,306.1952785769441
AS2,AS,17.992828649561815
AS2,AS,128.81416287742778
AS2,AS,95.67571503684968
AS2,AS,91.55611379264892
AS2,AS,69.63820113854521
AS2,AS,123.81048240279378
AS2,AS,227.05563356325789
AS2,AS,109.85592247490573
AS2,AS,354.3235645322118
AS2,AS,128.65642408295227
AS3,AS,167.56527325268007
AS3,AS,53.403748813356394
AS3,AS,196.11751294027283
AS3,AS,46.2526570397686
AS3,AS,46.208127008198886
AS3,AS,110.19593581268308
AS3,AS,90.68167411320344
AS3,AS,88.41637909393235
AS3,AS,171.1743338816811
AS3,AS,132.37544518270818
AS3,AS,89.48024409845276
AS3,AS,164.4541545886568
AS3,AS,515.2104946361613
AS3,AS,176.93296234503836
AS3,AS,220.89036440732383
AS3,AS,54.33447727413421
AS3,AS,85.37744489128079
AS3,AS,75.83617805695414
AS3,AS,24.386676848809213
AS3,AS,232.4485982479919
AS3,AS,313.795653535539
AS3,AS,164.23176677674923
AS3,AS,290.8356566852916
AS3,AS,94.01579953108858
AS3,AS,114.43488789819475
AS3,AS,47.41155773699056
AS3,AS,54.52733534260567
AS3,AS,84.79044192444037
AS3,AS,111.83641628918777
AS3,AS,107.36919989438077
AS3,AS,113.99492644564154
AS3,AS,94.90470050063938
AS3,AS,70.86836073048576
AS3,AS,38.63249252218367
AS3,AS,107.50529824741538
AS3,AS,125.58010247240563
AS3,AS,225.7679111544592
AS3,AS,261.4952628339543
AS3,AS,260.32436785849643
AS3,AS,292.33733570282084
AS3,AS,440.4122508115217
AS3,AS,223.75379498527704
AS3,AS,72.66235469650839
AS3,AS,39.52845313249642
AS3,AS,171.7069660538027
AS3,AS,220.53650302748608
AS3,AS,180.75446492045702
AS3,AS,161.1482445831109
AS3,AS,52.04276643627363
AS3,AS,100.61758013497501
AS3,AS,132.99571227644458
AS3,AS,122.64699770684912
AS3,AS,260.35970905307954
AS3,AS,161.95985967882328
AS3,AS,90.05737566579347
AS3,AS,107.29890248140809
AS3,AS,153.08422458872894
AS3,AS,113.66719075435455
AS3,AS,244.05463053996846
AS3,AS,229.18834419876578
AS3,AS,53.59432463963543
AS3,AS,70.70424124603333
AS3,AS,120.55418692272403
AS3,AS,119.23448789241479
AS3,AS,88.05731961819271
AS3,AS,130.94824086622734
AS3,AS,87.46836545487359
AS3,AS,289.6971937951117
AS3,AS,52.943201032988284
AS3,AS,202.51706340867668
AS3,AS,90.16433453430459
AS3,AS,363.91964683515846
AS3,AS,121.7130874727529
AS3,AS,72.8663289090417
AS3,AS,119.62726944757792
AS3,AS,32.96682418498782
AS3,AS,333.67306744833553
AS3,AS,149.74005600036847
AS3,AS,229.37053761565676
AS3,AS,142.4183862799517
AS3,AS,163.1566337448132
AS3,AS,81.92225932159198
AS3,AS,71.33656783003458
AS3,AS,5.835098374010765
AS3,AS,167.85860011395914
AS3,AS,167.2338080126803
AS3,AS,102.60617219424077
AS3,AS,82.66088162235778
AS3,AS,210.73761192657932
AS3,AS,79.0695042410504
AS3,AS,149.9799071267279
AS3,AS,252.27435635917482
AS3,AS,216.748557596061
AS3,AS,108.82277134014775
AS3,AS,287.4224004927371
AS3,AS,119.59735510112229
AS3,AS,181.39051225358943
AS3,AS,317.69634365272987
AS3,AS,129.46358483451812
AS3,AS,117.57437253839102
AS3,AS,260.0787922884222
AS3,AS,124.68467466984173
AS3,AS,137.0951214947497
AS3,AS,47.02518454187723
AS3,AS,54.630650665007025
AS3,AS,100.38150559854995
AS3,AS,113.54277797454661
AS3,AS,55.86908798935458
AS3,AS,100.52378746935523
AS3,AS,109.06737542399175
AS3,AS,404.21201629161254
AS3,AS,84.29799473232771
AS3,AS,62.511188551513435
AS3,AS,87.76232964277395
AS3,AS,10.489544109227051
AS3,AS,73.16985588648718
AS3,AS,118.86837295951005
AS3,AS,199.28904692274074
AS3,AS,158.596457004546
AS3,AS,79.19452056803115
AS3,AS,95.98163266880348
AS3,AS,287.0851722635261
AS3,AS,127.50509269904069
AS3,AS,285.7355733645353
AS3,AS,107.27284887783935
AS3,AS,17.43182056678182
AS3,AS,8.14328175002115
AS3,AS,55.86471789678538
AS3,AS,21.157817734011836
AS3,AS,428.7347116223569
AS3,AS,39.07846438227286
AS3,AS,301.97843448631045
AS3,AS,202.97207388819947
AS3,AS,889.7006605007567
AS3,AS,357.33041804009287
AS3,AS,121.98562763385252
AS3,AS,380.8670484113205
AS3,AS,380.7110705406638
AS3,AS,38.829007744496295
AS3,AS,43.83824562909808
AS3,AS,83.78869766685605
AS3,AS,117.85609772512261
AS3,AS,38.87270599011077
AS3,AS,305.89249394842466
AS3,AS,7.777343309431097
AS3,AS,131.33947207422054
AS3,AS,155.39644825689385
AS3,AS,42.11911047959368
AS3,AS,60.498541183067076
AS4,AS,337.31319098383386
AS4,AS,35.18266214139358
AS4,AS,125.58929886151122
AS4,AS,31.724479422422917
AS4,AS,149.7033194867609
AS4,AS,180.1693873411
AS4,AS,84.67834702920939
AS4,AS,55.50592796941397
AS4,AS,128.6866003674653
AS4,AS,135.4656475966135
AS4,AS,92.32172526333753
AS4,AS,219.51997643303608
AS4,AS,53.0195781670701
AS4,AS,233.58168448388807
AS4,AS,237.69303588460045
AS4,AS,66.82210157768166
AS4,AS,79.76839161423007
AS4,AS,26.076790507276137
AS4,AS,127.51029005626688
AS4,AS,17.418860908665447
AS4,AS,149.03686713479732
AS4,AS,180.05560770993554
AS4,AS,88.29563411154702
AS4,AS,106.10721832179655
AS4,AS,276.5545598104295
AS4,AS,167.52645315901037
AS4,AS,103.97165641907407
AS4,AS,175.69765234210135
AS4,AS,47.91362761988389
AS4,AS,247.5939929493916
AS4,AS,271.1893911933923
AS4,AS,304.5049056066678
AS4,AS,136.40579636221062
AS4,AS,189.4666610662653
AS4,AS,85.70854300129062
AS4,AS,159.23910345839434
AS4,AS,62.542170627655295
AS4,AS,120.23331249553068
AS4,AS,10.062671637165163
AS4,AS,17.098273967640683
AS4,AS,58.761842061227924
AS4,AS,6.647150828431888
AS4,AS,9.66129028596106
AS4,AS,44.03596482742649
AS4,AS,24.466207645954025
AS4,AS,193.40253955943297
AS4,AS,86.2786664174302
AS4,AS,77.56432405014115
AS4,AS,190.08858941002313
AS4,AS,483.65243436688576
AS4,AS,120.54258376491303
AS4,AS,134.64880537808511
AS4,AS,94.37968174522997
AS4,AS,185.94362402119523
AS4,AS,281.0710990960513
AS4,AS,59.97081876346375
AS4,AS,111.63817597429428
AS4,AS,59.604294928234296
AS4,AS,367.3444142274867
AS4,AS,140.75128460875152
AS4,AS,46.24196968639329
AS4,AS,188.79147751857826
AS4,AS,209.52640125743494
AS4,AS,52.932223064275455
AS4,AS,93.10780977428848
AS4,AS,179.89764267084325
AS4,AS,90.74219960826288
AS4,AS,44.51494203226505
AS4,AS,26.380637522378134
AS4,AS,28.411513223481936
AS4,AS,80.58171490822662
AS4,AS,148.83312941578785
AS4,AS,103.7381840088443
AS4,AS,197.21695488938798
AS4,AS,84.41696742080961
AS4,AS,113.61425451399099
AS4,AS,99.02633751408183
AS4,AS,82.79867404670135
AS4,AS,69.23703088552548
AS4,AS,273.0880220078067
AS4,AS,31.121063187043912
AS4,AS,93.9472178847365
AS4,AS,47.49777135453891
AS4,AS,140.9660927081544
AS4,AS,274.58279231828465
AS4,AS,128.70950944453486
AS4,AS,110.76965212741446
AS4,AS,132.30595744376527
AS4,AS,110.99094356369864
AS4,AS,74.95411049428647
AS4,AS,317.027585040057
AS4,AS,196.0076005140045
AS4,AS,68.87546664523802
AS4,AS,75.45111678359805
AS4,AS,122.66959942826841
AS4,AS,118.65897243161153
AS4,AS,53.78995428914838
AS4,AS,74.09538530766893
AS4,AS,344.22086974823725
AS4,AS,224.76186731085497
AS4,AS,49.40040845579535
AS4,AS,307.94931717654646
AS4,AS,135.03522941680038
AS4,AS,156.02558187912996
AS4,AS,78.4459274898675
AS4,AS,111.85684719924518
AS4,AS,44.92781357276017
AS4,AS,24.196213032446945
AS4,AS,26.65307961869241
AS4,AS,101.74003545377819
AS4,AS,142.82216008196056
AS4,AS,93.74498987322582
AS4,AS,169.30089240105679
AS4,AS,182.83798576812583
AS4,AS,284.25417240559386
AS4,AS,281.8710581068617
AS4,AS,107.25750325445784
AS4,AS,317.53216388378803
AS4,AS,103.36041182400764
AS4,AS,181.51841103822912
AS4,AS,105.60219071424606
AS4,AS,74.07344384074838
AS4,AS,230.37357285555547
AS4,AS,26.32239354505558
AS4,AS,196.04619402004724
AS4,AS,79.24758908075165
AS4,AS,58.47294358255954
AS4,AS,136.5014815813083
AS4,AS,81.93959552094329
AS4,AS,69.28966756457321
AS4,AS,102.76746451536265
AS4,AS,103.1599101063997
AS4,AS,43.80600105887397
AS4,AS,123.60153586341342
AS4,AS,82.76026760109194
AS4,AS,49.99039364536895
AS4,AS,225.78288252426245
AS4,AS,215.2058808857093
AS4,AS,65.51774057451668
AS4,AS,83.21207111945631
AS4,AS,167.3554645518191
AS4,AS,4.654779551441842
AS4,AS,117.73243544927907
AS4,AS,191.91084844458646
AS5,AS,117.24782910203292
AS5,AS,133.1540834826519
AS5,AS,123.55093708669953
AS5,AS,234.29430438461512
AS5,AS,231.34458847587123
AS5,AS,87.18874479423752
AS5,AS,135.9848044369672
AS5,AS,65.87785300896286
AS5,AS,32.36146961042278
AS5,AS,53.10757663818635
AS5,AS,67.57799669833493
AS5,AS,81.40763349470595
AS5,AS,88.29656867333121
AS5,AS,161.32015228293048
AS5,AS,26.738304852417055
AS5,AS,165.30313519932253
AS5,AS,73.75588359816702
AS5,AS,9.460956419982255
AS5,AS,190.7321318241215
AS5,AS,135.6932889346335
AS5,AS,19.95546675167863
AS5,AS,114.84509441057456
AS5,AS,35.55779777471765
AS5,AS,57.28605393715982
AS5,AS,74.06249197178282
AS5,AS,213.55660896086403
AS5,AS,208.4299185077306
AS5,AS,82.66102443215884
AS5,AS,250.40139429593046
AS5,AS,71.10160564777082
AS5,AS,76.03623363693912
AS5,AS,121.29231754178224
AS5,AS,10.441323233361949
AS5,AS,27.06405625933361
AS5,AS,46.4597881172313
AS5,AS,99.90858493108888
AS5,AS,84.93060235904623
AS5,AS,76.38007213137813
AS5,AS,120.62255030137821
AS5,AS,72.27566865231668
AS5,AS,285.1502433046935
AS5,AS,160.02955230260991
AS5,AS,70.8447630739318
AS5,AS,153.14520412465046
AS5,AS,306.1527445542588
AS5,AS,140.25279258330434
AS5,AS,420.17881465021924
AS5,AS,73.09247876186211
AS5,AS,202.2644963301542
AS5,AS,593.9987028952243
AS5,AS,90.90178697743579
AS5,AS,244.82919689357604
AS5,AS,106.23610520018624
AS5,AS,60.47230810962117
AS5,AS,96.77236450861182
AS5,AS,91.94938827964849
AS5,AS,164.20636985156574
AS5,AS,216.49166373176237
AS5,AS,5.198253171592397
AS5,AS,74.89780119580982
AS5,AS,91.03154903943356
AS5,AS,117.41545398418354
AS5,AS,100.94441553357568
AS5,AS,47.86983318478822
AS5,AS,166.57132447103794
AS5,AS,213.96574022372
AS5,AS,239.9412782971353
AS5,AS,262.89149946548025
AS5,AS,117.66687043558547
AS5,AS,93.19108398506691
AS5,AS,16.564646602642995
AS5,AS,214.68564528045295
AS5,AS,146.73122758918458
AS5,AS,102.10145363466629
AS5,AS,49.363881129565435
AS5,AS,33.43672678515209
AS5,AS,179.82237493062794
AS5,AS,64.81603852310856
AS5,AS,290.95557603174973
AS5,AS,166.23495105806566
AS5,AS,97.34068977583856
AS5,AS,172.38473566265785
AS5,AS,14.586213016883809
AS5,AS,128.7871910054348
AS5,AS,54.79476499191053
AS5,AS,177.45187239663213
AS5,AS,159.79006036424232
AS5,AS,105.78891685398573
AS5,AS,79.44215195175461
AS5,AS,132.87945083797416
AS5,AS,309.2145248821686
AS5,AS,15.612698241520597
AS5,AS,207.10393506768264
AS5,AS,52.571238513037216
AS5,AS,271.70502269005215
AS5,AS,21.01106149154531
AS5,AS,120.80125840647435
AS5,AS,241.99001759797994
AS5,AS,180.42211972492686
AS5,AS,299.8359880573245
AS5,AS,111.61716009384571
AS5,AS,43.62859290413322
AS5,AS,79.89356107693055
AS5,AS,86.42758465608253
AS5,AS,48.681616049679185
AS5,AS,205.69239487265924
AS5,AS,280.08651677805517
AS5,AS,60.768429642441426
AS5,AS,75.18037877849123
AS5,AS,78.36444434665626
AS5,AS,30.51027641747069
AS5,AS,359.26686097475925
AS5,AS,370.98896745353915
AS5,AS,195.2587903619766
AS5,AS,127.42998289054412
AS5,AS,125.08462398892057
AS5,AS,106.40987143005195
AS5,AS,335.0145365989176
AS5,AS,103.47948209836774
AS5,AS,42.83648565507349
AS5,AS,166.22383927901743
AS5,AS,6.37428899359728
AS5,AS,206.7812091855618
AS5,AS,19.910873909225895
AS5,AS,95.30589148396409
AS5,AS,41.4322182835783
AS5,AS,121.16192498912577
AS5,AS,278.5092904687661
AS5,AS,132.04548219759246
AS5,AS,57.65340080140062
AS5,AS,166.30505616186636
AS5,AS,109.54661625348265
AS5,AS,101.73573660004264
AS5,AS,61.29338912010915
AS5,AS,83.10322314074716
AS5,AS,46.78824802530331
AS5,AS,101.48481560364107
AS5,AS,352.41481064003256
AS5,AS,74.24971642696221
AS5,AS,73.7961257031467
AS5,AS,35.025013571605854
AS5,AS,156.81650397453294
AS5,AS,104.66285145977619
AS5,AS,90.34072919538121
AS5,AS,216.67909293946803
AS5,AS,128.26783839712286
AS5,AS,186.22954379169732
AS5,AS,106.6427648975849
AS5,AS,202.12313683230897
AS5,AS,62.92562473352969
AS5,AS,52.49651694358809
AS5,AS,226.95933315244318
AS5,AS,33.00972669874218
AS5,AS,93.83569231136578
AS5,AS,213.00891473938347
AS5,AS,44.647754469171446
AS5,AS,181.3743064669873
AS5,AS,313.42926757717964
AS5,AS,310.13011735037907
AS5,AS,80.9572790267514
AS5,AS,133.99726237489682
AS5,AS,174.6973638546395
AS5,AS,21.57963495188628
AS5,AS,131.41694834998378
AS5,AS,109.711730653256
AS5,AS,239.16361965623088
AS5,AS,55.08968807851139
AS5,AS,61.39709562799521
AS5,AS,83.33544716986599
AS5,AS,258.6366470082912
AS5,AS,49.6283245894244
AS5,AS,95.7975985940195
AS5,AS,259.76979870414954
AS5,AS,278.2680449981109
AS5,AS,199.5327937177113
AS5,AS,68.70593649877597
AS5,AS,193.95373952045168
AS5,AS,198.24124542961385
AS5,AS,187.96951934629521
AS6,AS,325.7716475188559
AS6,AS,121.07499393922099
AS6,AS,105.66677699119982
AS6,AS,176.70240311519464
AS6,AS,167.49019217848854
AS6,AS,86.3886745332682
AS6,AS,259.2447118685373
AS6,AS,118.2168506529953
AS6,AS,177.69172663779776
AS6,AS,227.82438926891604
AS6,AS,94.6501321474087
AS6,AS,221.51500909657744
AS6,AS,54.32678230842532
AS6,AS,128.93977164114534
AS6,AS,190.4610539977675
AS6,AS,79.51217529519043
AS6,AS,459.483509974817
AS6,AS,126.26536383305601
AS6,AS,80.63189220837695
AS6,AS,34.75270873412784
AS6,AS,147.75296945565523
AS6,AS,126.17714109190527
AS6,AS,210.34744767509991
AS6,AS,198.41888967110128
AS6,AS,223.57106018608766
AS6,AS,141.09102041272277
AS6,AS,153.77035143563327
AS6,AS,34.54110384826719
AS6,AS,79.72468593904921
AS6,AS,192.29064642246246
AS6,AS,68.990438563589
AS6,AS,189.04413781205517
AS6,AS,117.382899834948
AS6,AS,85.11693664538194
AS6,AS,98.31984282059307
AS6,AS,73.84375032481456
AS6,AS,195.47358270736254
AS6,AS,86.05698865819807
AS6,AS,204.42050313402612
AS6,AS,114.4634243366445
AS6,AS,72.818859965566
AS6,AS,83.53086767810338
AS6,AS,117.30650006449909
AS6,AS,126.26155232132881
AS6,AS,225.4291820716108
AS6,AS,268.56595525154154
AS6,AS,95.97582359908094
AS6,AS,130.11894927222534
AS6,AS,83.57010738344218
AS6,AS,129.97377060682084
AS6,AS,107.95014776075304
AS6,AS,148.0975017978958
AS6,AS,130.66997633550662
AS6,AS,94.70604538149048
AS6,AS,186.5223066195694
AS6,AS,46.84252981258401
AS6,AS,272.42445991876997
AS6,AS,128.63969917523124
AS6,AS,177.65480688928955
AS6,AS,220.4160629338135
AS6,AS,270.7198367517067
AS6,AS,197.6452909661733
AS6,AS,282.7245667284696
AS6,AS,242.86619455449608
AS6,AS,182.90319944354343
AS6,AS,70.33512855284472
AS6,AS,108.09629050144623
AS6,AS,129.4703240907856
AS6,AS,155.93664759882174
AS6,AS,42.03095029812874
AS6,AS,269.69474998414466
AS6,AS,109.11457405560388
AS6,AS,119.77265927944822
AS6,AS,218.38051776910717
AS6,AS,305.00433875554637
AS6,AS,210.77733248606341
AS6,AS,8.421083131242662
AS6,AS,84.44655142798933
AS6,AS,201.00271589438088
AS6,AS,288.92128726774735
AS6,AS,162.45205384025564
AS6,AS,255.72648656225527
AS6,AS,155.37977966735392
AS6,AS,87.12773608095011
AS6,AS,87.28922223188547
AS6,AS,267.46993832245795
AS6,AS,331.58630123145764
AS6,AS,350.1204067894439
AS6,AS,405.1654588909484
AS6,AS,84.47320928918771
AS6,AS,101.93331682189394
AS6,AS,206.8296224661142
AS6,AS,220.45155496228486
AS6,AS,89.9112969552385
AS6,AS,213.82302205804115
AS6,AS,56.87327775413206
AS6,AS,102.8172836080839
AS6,AS,31.70727407828367
AS6,AS,269.26203442550866
AS6,AS,121.21619782653616
AS6,AS,239.500087064481
AS6,AS,166.6297987858981
AS6,AS,169.3423788884962
AS6,AS,6.884150937229382
AS6,AS,206.81439696002903
AS6,AS,174.72319445522456
AS6,AS,153.6107959253654
AS6,AS,54.376341633796905
AS6,AS,340.2331074106586
AS6,AS,310.04279781344235
AS6,AS,224.24273376874442
AS6,AS,143.86725276395435
AS6,AS,72.25963208787738
AS6,AS,317.70124209621093
AS6,AS,195.74669284488053
AS6,AS,99.34247444811993
AS6,AS,56.01102160381756
AS6,AS,100.38935114093874
AS6,AS,36.38977586651134
AS6,AS,267.63488337951844
AS6,AS,49.45355522936887
AS6,AS,109.95005952677096
AS6,AS,73.31100849589158
AS6,AS,228.0497172521326
AS6,AS,83.44719842405868
AS6,AS,113.51579188033534
AS6,AS,39.65460918323853
AS6,AS,100.66840364417254
AS6,AS,205.37041822756217
AS6,AS,57.83365817452215
AS6,AS,46.37576102740241
AS6,AS,34.85882787240806
AS6,AS,92.27242113203934
AS6,AS,28.081705236866966
AS6,AS,48.4156200451786
AS6,AS,80.487515248458
AS6,AS,46.05787584278952
AS6,AS,143.46584160077822
AS6,AS,139.27942676566815
AS6,AS,150.25601077381717
AS6,AS,261.7280018284313
AS6,AS,266.0681239556692
AS6,AS,196.84713711390492
AS6,AS,207.00406968628573
AS6,AS,47.58745700664332
AS6,AS,129.79594830701487
AS6,AS,70.1045560121554
AS6,AS,274.4343712483892
AS6,AS,63.27554135783071
AS6,AS,295.37860214683724
AS6,AS,28.940420018906575
AS6,AS,204.01951555463975
AS6,AS,348.9395308868312
AS6,AS,57.12201369069595
AS6,AS,264.69050122067495
AS6,AS,217.01643577599665
AS6,AS,148.92583601956582
AS6,AS,53.835454205155614
AS6,AS,191.69572909361105
AS6,AS,201.63269419090923
AS6,AS,74.34708636123979
AS6,AS,54.83653525928538
AS6,AS,188.178670501736
AS6,AS,184.79027834638893
AS6,AS,299.4161865630967
AS6,AS,96.45067405064744
AS6,AS,186.33306054678323
AS6,AS,77.19487779239208
AS6,AS,56.20064237972718
AS6,AS,97.04816632793712
AS6,AS,53.590598396100496
AS6,AS,125.49186787953255
AS6,AS,241.892166507821
AS6,AS,129.84953544413173
AS6,AS,112.60235798962765
AS6,AS,109.50607642346351
AS6,AS,169.76352289646786
AS6,AS,94.17134388201723
AS6,AS,60.095390696489915
AS6,AS,52.48544907266331
AS6,AS,247.96497305473133
AS6,AS,165.67125824519212
AS6,AS,87.29294502080705
AS6,AS,295.63755518616375
AS6,AS,47.093024533448165
AS6,AS,6.705948881823191
AS6,AS,141.3295536225521
AS6,AS,119.89366629579509
AS6,AS,104.08649990288627
AS6,AS,214.92340152906638
AS6,AS,42.64597959933646
AS6,AS,138.35059993208728
AS6,AS,152.39028215273993
AS6,AS,117.51223822139104
AS6,AS,235.47750436513797
AS6,AS,95.59270719573907
AS6,AS,124.91310303915583
AS6,AS,85.84525989100669
AS6,AS,308.5186398713701
AS6,AS,245.24197508466807
AS6,AS,49.727191515176116
AS6,AS,80.42633724408077
AS6,AS,95.0011245548425
AS6,AS,215.97667962329487
AS6,AS,123.85911689810217
AS6,AS,209.27209423893538
AS6,AS,108.8015720824611
AS6,AS,66.7827444757099
AS6,AS,56.37912081931676
AS6,AS,257.82768559584116
C1,C,110.44095722105475
C1,C,142.7706793377735
C1,C,72.77164983863005
C1,C,247.02501784954825
C1,C,145.58607034524053
C1,C,109.75032282520189
C1,C,205.8248399454479
C1,C,252.36891046026756
C1,C,116.35481987683004
C1,C,93.7416188177341
C1,C,126.58161351569188
C1,C,87.38198215442416
C1,C,109.50108987388839
C1,C,61.31545006686977
C1,C,202.5189355391316
C1,C,175.3105692675229
C1,C,95.9448239713995
C1,C,94.83689584528551
C1,C,84.67612779626563
C1,C,105.5003321490957
C1,C,198.74792465642574
C1,C,92.3887066974971
C1,C,190.87790197812217
C1,C,55.305241601221624
C1,C,128.4526112238915
C1,C,390.09866569057857
C1,C,162.47633952949258
C1,C,65.7667534693849
C1,C,91.52554994956044
C1,C,198.58954814365964
C1,C,68.43069354149145
C1,C,189.807061666761
C1,C,52.505049918106096
C1,C,90.59243044299764
C1,C,166.7781084462305
C1,C,171.03929487665374
C1,C,91.6779505401173
C1,C,316.3262211260759
C1,C,70.17380180833948
C1,C,196.15614577482984
C1,C,153.7499613828773
C1,C,77.02581241745835
C1,C,117.34542252925502
C1,C,232.98113382182387
C1,C,95.09797364772162
C1,C,174.58065302862911
C1,C,84.15751165861238
C1,C,138.03663426268156
C1,C,95.3561757232815
C1,C,36.82905096844184
C1,C,52.81223871953832
C1,C,107.90727253944785
C1,C,188.02792660551606
C1,C,88.42145174429969
C1,C,96.51586608896343
C1,C,51.59701877921588
C1,C,134.3863587146015
C1,C,185.6174123797907
C1,C,126.62387473104236
C1,C,148.2945694057482
C1,C,101.77223174931378
C1,C,97.52351884837543
C1,C,75.55654077291639
C1,C,115.28927083747212
C1,C,23.13878436527662
C1,C,176.23067956583483
C1,C,175.63686584418897
C1,C,126.45498672875472
C1,C,85.98207968468101
C1,C,14.143610933425865
C1,C,167.1268561958329
C1,C,45.574699160493054
C1,C,63.00000184049857
C1,C,128.52236622563393
C1,C,38.45562874148287
C1,C,60.76230845326294
C1,C,202.10385208740885
C1,C,109.42254003130648
C1,C,135.95502904233777
C1,C,385.2393716598842
C1,C,253.11125915672534
C1,C,29.57745535430883
C1,C,48.4528976970015
C1,C,67.49700954044444
C1,C,231.85050812302006
C1,C,171.4253315836653
C1,C,53.84188303328011
C1,C,283.5338469658187
C1,C,244.48273447949165
C1,C,188.9843587978547
C1,C,130.69012958866813
C1,C,180.4247840012645
C1,C,36.47880524226033
C1,C,79.14681317170125
C1,C,97.12839463944712
C1,C,67.54826602933251
C1,C,70.80673422706865
C1,C,126.98949146249423
C1,C,111.23684528324841
C1,C,232.05176547177928
C1,C,228.5082870238399
C1,C,44.96457607831732
C1,C,169.70562255536194
C1,C,118.72454044370751
C1,C,110.83679746322017
C1,C,85.34870708981371
C1,C,108.32853110747271
C1,C,59.39107386835284
C1,C,49.88371569863995
C1,C,66.8776065927116
C1,C,211.77463030755834
C1,C,189.8415988885724
C1,C,288.193448503321
C1,C,271.7731849267627
C1,C,100.11037470496936
C1,C,123.07797209588816
C1,C,250.52138636299273
C1,C,42.45312625201412
C1,C,8.032306968494128
C1,C,248.26417767887833
C1,C,101.14357407617585
C1,C,142.42617077595983
C1,C,252.02298503027401
C1,C,81.84807568641756
C1,C,220.71245892239443
C1,C,229.7446771133186
C1,C,87.14346071413576
C1,C,83.01548528378804
C1,C,321.1893281024498
C1,C,82.0247009863665
C1,C,142.89616258634385
C1,C,191.58903600824766
C1,C,105.20845039049601
C1,C,24.932990933756532
C1,C,81.19991985978892
C1,C,273.1336267718965
C1,C,54.73699485024866
C1,C,203.48548467127236
C1,C,149.05149039924504
C1,C,110.61287943500466
C1,C,134.34602463503052
C1,C,291.3652316570558
C1,C,212.62562348778576
C1,C,164.23441397456745
C1,C,94.00369726010524
C1,C,65.16735297347434
C1,C,171.08073223452897
C1,C,161.74682612105943
C1,C,149.13991624277813
C1,C,35.48274569284077
C1,C,60.965809627769296
C1,C,184.27133956542534
C1,C,72.6072206939692
C1,C,112.38106467981747
C1,C,27.042724904049418
C1,C,153.31572760234428
C1,C,285.9229206655232
C1,C,107.5764420783482
C2,C,152.58850586365088
C2,C,99.08872705830228
C2,C,65.202111264652
C2,C,37.98045885761154
C2,C,279.18408475419
C2,C,42.44070251580103
C2,C,69.98040038730879
C2,C,77.89826884063642
C2,C,121.49534276410786
C2,C,81.28124925242433
C2,C,202.88567496261223
C2,C,244.05861368402472
C2,C,153.2604850302301
C2,C,42.314901886940525
C2,C,197.69752541454505
C2,C,67.81407533372446
C2,C,28.121482980716344
C2,C,69.05351171399398
C2,C,97.86973913507701
C2,C,109.73566017192442
C2,C,85.05642845606324
C2,C,54.03293344527377
C2,C,212.62327825295796
C2,C,21.517663597644397
C2,C,34.22462473670183
C2,C,325.7218131269403
C2,C,96.69033666832868
C2,C,199.35718995904838
C2,C,90.53359439107707
C2,C,373.72586519181147
C2,C,189.17140401419402
C2,C,21.062318763644896
C2,C,209.39048759841356
C2,C,166.39451620080933
C2,C,102.93699782731863
C2,C,79.2790534338551
C2,C,93.60215585142649
C2,C,75.43897332746113
C2,C,162.6977309717872
C2,C,24.557518978269307
C2,C,64.33902221851628
C2,C,201.8990126607062
C2,C,126.37936700678128
C2,C,149.98059081661674
C2,C,104.16049181448184
C2,C,18.825484191242587
C2,C,145.78666590273176
C2,C,22.238255815179972
C2,C,234.75943409520613
C2,C,129.57010430664442
C2,C,43.103406149646595
C2,C,129.38266037238046
C2,C,234.60083542058146
C2,C,39.23703189209647
C2,C,104.32018730828061
C2,C,189.43319087486955
C2,C,102.02226740619606
C2,C,48.43058259028827
C2,C,62.56723460966913
C2,C,149.37670000717884
C2,C,68.53821693066386
C2,C,144.49952510314606
C2,C,73.2928957223554
C2,C,167.7712346123974
C2,C,144.48600026196777
C2,C,148.13283747490988
C2,C,88.25726115567709
C2,C,35.23213762605661
C2,C,67.30241752741668
C2,C,144.23217751262976
C2,C,76.76107094985089
C2,C,141.38043457294472
C2,C,50.00577904970642
C2,C,103.7200315594891
C2,C,71.91867464969074
C2,C,81.54895404010223
C2,C,52.592783852616805
C2,C,101.11702463829432
C2,C,160.97821883213925
C2,C,161.6873441657326
C2,C,89.29400047988314
C2,C,55.233988449456824
C2,C,53.185911245692985
C2,C,80.67237551790208
C2,C,126.19909827346125
C2,C,103.53841004687452
C2,C,105.35978148721996
C2,C,48.68106353297336
C2,C,102.84326082296977
C2,C,147.95478212965864
C2,C,220.18085501098406
C2,C,150.12369415485827
C2,C,73.86178999795086
C2,C,133.03937316963012
C2,C,460.5046705481947
C2,C,118.52610586576033
C2,C,70.40191880695721
C2,C,34.64583363650045
C2,C,71.42885000731899
C2,C,47.247029854105406
C2,C,27.26561595431247
C2,C,43.65365330303281
C2,C,38.31072713181075
C2,C,27.929065893820805
C2,C,151.723299754415
C2,C,197.15127260144186
C2,C,116.29530682004345
C2,C,157.3249429684777
C2,C,35.82481118863559
C2,C,50.551347872251625
C2,C,136.2602891712577
C2,C,93.09903448318566
C2,C,49.41612798504886
C2,C,213.9728495939803
C2,C,12.386074036381396
C2,C,42.759789678716366
C2,C,51.64701327312852
C2,C,184.58884334750041
C2,C,80.97670393412366
C2,C,58.84973149217752
C2,C,114.10494429851867
C2,C,114.87477383380578
C2,C,57.46618589832983
C2,C,44.53528681507958
C2,C,88.97303583128276
C2,C,143.6747756104091
C2,C,90.63881543449293
C2,C,65.61163518539529
C2,C,38.05123909548012
C2,C,67.69437566520118
C2,C,11.701959452789106
C2,C,222.23990467518365
C2,C,372.13447997782725
C2,C,262.1098634415883
C2,C,74.84284104064155
C3,C,89.31628409792734
C3,C,233.72365624708604
C3,C,123.83543445752471
C3,C,274.2586480122477
C3,C,378.0325672457267
C3,C,273.1568574536441
C3,C,478.2653728266991
C3,C,311.7892320650734
C3,C,259.27383698955003
C3,C,202.9207171958642
C3,C,45.68140624119205
C3,C,314.9719819365868
C3,C,334.0391695072024
C3,C,72.3208049407907
C3,C,330.29941612717147
C3,C,136.05161576301998
C3,C,363.02109322332973
C3,C,311.948446247409
C3,C,65.7106598197784
C3,C,210.76142898377725
C3,C,139.69753406141223
C3,C,330.90784832799227
C3,C,41.868132147328204
C3,C,75.28810291551554
C3,C,125.68028472877556
C3,C,209.2168788191798
C3,C,151.72877907838446
C3,C,142.62196525763687
C3,C,159.6044430896293
C3,C,87.5548438697813
C3,C,270.3363857216812
C3,C,135.86083206541247
C3,C,258.5754534207146
C3,C,115.76984712281288
C3,C,114.40928387230109
C3,C,191.76133523081788
C3,C,222.26521232416476
C3,C,267.56155324326846
C3,C,114.60671213887936
C3,C,97.37648970508174
C3,C,300.6863910835329
C3,C,103.11070652758244
C3,C,185.15970329707693
C3,C,278.9683090017283
C3,C,167.30497259182266
C3,C,166.56088201734204
C3,C,98.42966393745115
C3,C,148.53070802794917
C3,C,220.49230543529785
C3,C,162.72361149628813
C3,C,270.33358441532806
C3,C,449.9664431741984
C3,C,248.730016015928
C3,C,240.43074680561548
C3,C,256.8446735124717
C3,C,168.62922240675272
C3,C,264.09898843795384
C3,C,236.55467630257738
C3,C,111.41290294593124
C3,C,361.56604955012534
C3,C,356.51026185722344
C3,C,288.5391717380568
C3,C,341.3021158845689
C3,C,308.71450768298917
C3,C,26.574207306157458
C3,C,135.3407269267519
C3,C,61.26027587774385
C3,C,29.246085712556
C4,C,248.47318440971264
C4,C,132.25231036054936
C4,C,64.58178696972628
C4,C,189.79785182715642
C4,C,96.4145610538323
C4,C,188.04414676666497
C4,C,84.13758276301444
C4,C,353.3664173817361
C4,C,222.2125906833437
C4,C,8.282408055820836
C4,C,75.50570273630446
C4,C,366.64254640344626
C4,C,39.21016412491938
C4,C,415.4602892072874
C4,C,172.29008081054232
C4,C,109.30989420314681
C4,C,181.71166362042703
C4,C,234.8308751169723
C4,C,135.59159895879694
C4,C,134.73274850867978
C4,C,196.3325040796945
C4,C,79.29744657429498
C4,C,107.67470464646321
C4,C,310.0063612584479
C4,C,118.28443645806966
C4,C,175.6576325076798
C4,C,125.8159474021604
C4,C,142.29378094527897
C4,C,96.55426179461563
C4,C,243.26778135565596
C4,C,257.58714102358294
C4,C,81.24606333972787
C4,C,183.88959784529203
C4,C,79.64457990474384
C4,C,160.32245735767393
C4,C,68.38771597080243
C4,C,223.7152528510366
C4,C,134.71104351798024
C4,C,134.7867481735619
C4,C,113.45478287936201
C4,C,88.74022028202978
C4,C,229.17575277110623
C4,C,250.81162145762562
C4,C,202.21625298354053
C4,C,233.3018155377349
C4,C,205.79819130814292
C4,C,285.3903534559345
C4,C,98.63192210538675
C4,C,171.09236758459787
C4,C,45.82276626528716
C4,C,95.36734488651327
C4,C,135.246768152526
C4,C,386.84655692949224
C4,C,414.01548276689294
C4,C,143.81191482524326
C4,C,234.66852205974115
C4,C,173.10031494252996
C4,C,88.19658090426843
C4,C,222.2077862794264
C4,C,349.29541799629004
C4,C,173.85851865296453
C4,C,139.91607661631735
C4,C,201.23232523802736
C4,C,220.65083420010737
C4,C,362.25211717214745
C4,C,152.44891585610975
C4,C,38.053787862749246
C4,C,79.90766270016361
C4,C,105.92048011693994
C4,C,81.5666743879089
C4,C,225.74284237424516
C4,C,398.7239407731914
C4,C,156.27690994898512
C4,C,151.17663293546138
C4,C,122.83571816944425
C4,C,125.09376436578768
C4,C,54.36574491996915
C4,C,69.4509963622061
C4,C,64.22222450758876
C4,C,403.6916342590015
C4,C,205.63331401600098
C4,C,92.56696715461263
C4,C,198.19291554115452
C4,C,159.26082089046002
C4,C,174.31231212454048
C4,C,146.14514701386113
C4,C,130.12343527667565
C4,C,157.75293945978694
C4,C,111.29024090504599
C4,C,351.33127655135297
C4,C,100.97514859213186
C4,C,157.9363914546075
C4,C,260.6107528157712
C4,C,147.68741871162624
C4,C,77.07679406412258
C4,C,112.34172992794394
C4,C,28.694018901212075
C4,C,217.39044576108452
C4,C,91.6384163203574
C4,C,248.6413636057021
C4,C,362.60589714689326
C4,C,63.73744725985762
C4,C,189.63549495203478
C4,C,206.46106208726926
C4,C,109.37971262168848
C4,C,353.9711965975527
C4,C,115.390706712903
C4,C,83.01459665747426
C4,C,77.43878870245263
C4,C,130.22103625452826
C4,C,157.89399896197162
C4,C,456.70562504276575
C4,C,196.52755740786847
C4,C,48.880022460133496
C4,C,208.52724650079483
C4,C,274.52123364268795
C4,C,52.27571480336847
C4,C,90.5227694185455
C4,C,194.19826233955607
C4,C,241.0725892925268
C4,C,209.1050115867696
C4,C,217.43609436614477
C4,C,41.06670483132414
C4,C,307.7281597988771
C4,C,478.3472531887305
C4,C,169.1888711490891
C4,C,100.59336556504694
C4,C,232.28834704027494
C4,C,142.28579447085727
C4,C,119.53123904738477
C4,C,65.40243904628596
C4,C,190.2704199835151
C4,C,122.23946573510177
C4,C,209.16575907806478
C4,C,136.6790694773826
C4,C,75.16586955329608
C4,C,202.6272328580319
C4,C,145.46508699066948
C4,C,84.43246411009899
C4,C,98.60909641459648
C5,C,164.70189055274358
C5,C,240.37877694432174
C5,C,101.55080443427346
C5,C,80.64096925290528
C5,C,155.83298155284083
C5,C,104.22114005732232
C5,C,175.1012937760541
C5,C,195.52164795451196
C5,C,194.6117068453179
C5,C,253.817715333757
C5,C,108.89308151966333
C5,C,202.02340574014673
C5,C,186.9956433215707
C5,C,120.73608678952634
C5,C,21.920633796676825
C5,C,119.26481200273628
C5,C,78.36694464152617
C5,C,189.63319373476767
C5,C,102.36868614790383
C5,C,121.55101391122983
C5,C,157.48950647598076
C5,C,88.72216208618914
C5,C,285.940913151735
C5,C,243.47336531055737
C5,C,332.5821467085206
C5,C,141.2218871975872
C5,C,34.04551174601438
C5,C,33.88142793401737
C5,C,84.79856620750154
C5,C,122.79314103502708
C5,C,153.2820184746011
C5,C,209.22564548842465
C5,C,354.7093872708304
C5,C,103.0612505670683
C5,C,255.76654991231365
C5,C,90.88681324619104
C5,C,277.5845478113793
C5,C,150.81504788464602
C5,C,57.23857545788508
C5,C,174.30943170020367
C5,C,191.60648965118062
C5,C,335.64200922239775
C5,C,133.54647622325342
C5,C,24.15295784056267
C5,C,207.55070266238067
C5,C,14.017664043912516
C5,C,235.6606214921112
C5,C,85.59552343229178
C5,C,62.639740628837444
C5,C,124.9864031374935
C5,C,101.44274240598958
C5,C,53.45436709987324
C5,C,184.60513123867403
C5,C,130.31574109234865
C5,C,114.03626790301385
C5,C,172.36228652593363
C5,C,194.2702690347857
C5,C,137.84513787162774
C5,C,184.4322403498044
C5,C,74.15826017139298
C5,C,258.18625272087615
C5,C,195.54179342649
C5,C,146.0774072129158
C5,C,44.35928241583741
C5,C,177.98487640821614
C5,C,74.27702419219563
C5,C,132.14438754199165
C5,C,158.94296045452305
C5,C,60.362481993768405
C5,C,355.34176280596137
C5,C,60.82761955927605
C5,C,147.52159849340023
C5,C,122.75880879369947
C5,C,101.83784334935632
C5,C,116.36311323287968
C5,C,135.20138358037622
C5,C,166.57434828582728
C5,C,114.8647717154743
C5,C,155.3859293386887
C5,C,106.52386328540673
C5,C,211.310043111178
C5,C,55.16667298694002
C5,C,61.91897728199334
C5,C,41.7291913131323
C5,C,99.14890932152514
C5,C,342.4110180324928
C5,C,236.88405917420454
C5,C,16.511437770466966
C5,C,116.83487445299893
C5,C,82.18061841850557
C5,C,69.37896870124283
C5,C,299.4150381000396
C5,C,100.2392719668696
C5,C,287.2221039510157
C5,C,103.85536923456571
C5,C,207.08243053346675
C5,C,51.37070218371535
C5,C,39.0822479144689
C5,C,85.99399327655405
C5,C,55.329530202668664
C5,C,251.61489113255624
C5,C,126.05354165452106
C5,C,143.80011860790668
C5,C,286.08508369582654
C5,C,267.7223434942406
C5,C,74.03218690034765
C5,C,54.67107970077058
C5,C,395.1579528234857
C5,C,241.48328672197601
C5,C,218.2651298518571
C5,C,72.0903111801303
C5,C,196.80628718322973
C5,C,82.64057289036637
C5,C,147.17663854446485
C5,C,94.74308708316394
C5,C,278.6595312643155
C5,C,29.716279586247136
C5,C,133.5201229944311
C5,C,61.55929494437052
C5,C,238.65488609883508
C5,C,183.60486089547834
C5,C,378.4323606866202
C5,C,239.47084434070064
C5,C,48.823508391429776
C5,C,328.63206361347017
C5,C,164.0875900915361
C5,C,117.40530992952587
C5,C,178.45282108514866
C5,C,160.18790745011958
C5,C,157.840460028625
C5,C,60.66182678132932
C5,C,293.6846161766873
C5,C,96.44190487774505
C5,C,180.0795485102293
C5,C,74.24469259178062
C5,C,174.4198363112638
C5,C,216.60906163973837
C5,C,97.3616723256541
C5,C,228.55107238525065
C5,C,264.94044136682476
C5,C,112.67565732689565
C5,C,113.83145566866845
C5,C,74.20998024287582
C5,C,262.56918869442416
C5,C,335.01229846745656
C5,C,111.36653435771433
C5,C,336.35123493700445
C5,C,63.21162176410302
C5,C,298.79851456198355
C5,C,195.07103415025014
C5,C,287.6249196875123
C6,C,109.24868038535931
C6,C,97.66632017841346
C6,C,63.399154768162205
C6,C,8.519657252048548
C6,C,87.57013098621222
C6,C,143.8083110439635
C6,C,53.00582424076051
C6,C,54.02904757227721
C6,C,89.89776219235044
C6,C,86.84284986222166
C6,C,33.30144981367008
C6,C,210.87104474729887
C6,C,182.05792388774887
C6,C,52.719816367447564
C6,C,119.16022973424215
C6,C,127.338394630969
C6,C,85.40430827652894
C6,C,93.71769088433825
C6,C,103.21903491637282
C6,C,92.8452712867888
C6,C,65.30566990845719
C6,C,134.60415134642898
C6,C,241.70726906542833
C6,C,57.33593703182486
C6,C,147.56682236470843
C6,C,31.198700849432605
C6,C,42.55975494457636
C6,C,236.44656236995152
C6,C,119.67773085590066
C6,C,38.91244704066281
C6,C,72.10218404505781
C6,C,134.52707650438776
C6,C,69.45182703458845
C6,C,75.02604096040524
C6,C,174.20428780871723
C6,C,60.15269910562937
C6,C,79.6417642693982
C6,C,86.97192063213497
C6,C,124.11324440935935
C6,C,79.90005962727668
C6,C,86.34753369562672
C6,C,167.116147027127
C6,C,118.10434752134384
C6,C,76.24913432093754
C6,C,54.88837906667832
C6,C,59.36545776221536
C6,C,81.36631860568839
C6,C,26.992322814874342
C6,C,45.96341911990869
C6,C,61.88155609462637
C6,C,97.400177555369
C6,C,129.48410778573324
C6,C,24.581626465561303
C6,C,60.079944269634446
C6,C,38.64041412100008
C6,C,260.03733083625184
C6,C,101.40715109925627
C6,C,75.63974048701095
C6,C,118.9888598921865
C6,C,80.78094987568167
C6,C,29.466331162742108
C6,C,124.33428327373093
C6,C,34.8758483813281
C6,C,156.82631042316336
C6,C,62.444958165710965
C6,C,98.77386379537558
C6,C,49.136636029722034
C6,C,54.71928659364432
C6,C,153.15055854148022
C6,C,163.49054872435997
C6,C,27.939407490896926
C6,C,165.81271994992537
C6,C,97.8056575737945
C6,C,89.08492901968532
C6,C,160.3026220066046
C6,C,195.90035576235528
C6,C,53.83935114363286
C6,C,242.22732449409452
C6,C,76.91503315553712
C6,C,110.18194437357863
C6,C,172.38531716859586
C6,C,114.3442149157201
C6,C,68.58379614797786
C6,C,49.266604849962796
C6,C,73.16096517486201
C6,C,212.47336711119195
C6,C,166.3436840747715
C6,C,169.80353872289405
C6,C,175.4291662261933
C6,C,91.77598515035079
C6,C,163.6609840407676
C6,C,128.3757417590737
C6,C,202.86107722636774
C6,C,429.61981986294256
C6,C,149.49663201788982
C6,C,31.152263616668037
C6,C,71.73818254383367
C6,C,309.3599996065544
C6,C,65.53096248390818
C6,C,376.3120052068725
C6,C,43.28087695151752
C6,C,28.341466258688612
C6,C,269.4657982825785
C6,C,90.26340281541233
C6,C,125.74685668414287
C6,C,20.569220717916966
C6,C,184.7129396108794
C6,C,51.91512358231832
C6,C,95.92900952823055
C6,C,113.0891616588096
C6,C,9.900670290055341
C6,C,160.56976530956058
C6,C,79.85149623092472
C6,C,122.64657148568145
C6,C,53.095863012737354
C6,C,53.94746739020647
C6,C,378.664441013171
C6,C,120.73256943423499
C6,C,76.66516918355038
C6,C,66.64731228408536
C6,C,191.9931621593393
C6,C,113.70747188649207
C6,C,87.5075855480106
C6,C,63.68120808227009
C6,C,99.75402872662532
C6,C,281.554330636766
C6,C,214.25340289816262
C6,C,73.73559054362687
C6,C,98.91372778369755
C6,C,67.8023700291323
C6,C,47.6399140395151
C6,C,174.49199192854775
C6,C,50.80244971644943
C6,C,79.30880190554129
C6,C,102.83373097052053
C6,C,130.8696316962702
C6,C,50.15844392714333
C6,C,53.560177578051295
C6,C,44.830552434331885
C6,C,126.98774389805257
C6,C,115.04260092870982
C6,C,283.15652458656564
C6,C,135.97844227235944
C6,C,38.46569803496854
C6,C,77.16943248263777
C6,C,30.96284310980474
C6,C,125.68624647686153
C6,C,117.72035387282189
C6,C,62.13232914769395
C6,C,13.90365072354682
C6,C,96.01795447502195
C6,C,47.74521020157304
C6,C,114.30578102317207
C6,C,168.33583062495154
C6,C,125.6685726934836
C6,C,71.1607997579592
C6,C,83.8756308862557
C6,C,143.8986802417498
C6,C,98.65233993837857
C6,C,63.13958455531181
C6,C,189.6291831204847
C6,C,135.66883305614948
C6,C,142.51739479469651
C6,C,17.312342697982164
C6,C,80.19947227658275
C6,C,48.39621579671689
C6,C,177.08350891159327
C6,C,57.154316112760746
C6,C,177.07730519731305
C6,C,73.97210272506382
C6,C,37.04538964658611
C6,C,110.1691227031986
C6,C,80.68631567879
C6,C,198.73676399402657
