Talker,Category,distance_SSN
AS1,AS,71.91538049173703
AS1,AS,89.83156012008723
AS1,AS,74.71055391437153
AS1,AS,81.05911058729774
AS1,AS,56.31006698573059
AS1,AS,75.14372380588176
AS1,AS,113.49034591533388
AS1,AS,68.94503645227167
AS1,AS,74.5070383401945
AS1,AS,127.89793946746833
AS1,AS,130.74956391106858
AS1,AS,98.30471681003368
AS1,AS,280.33394609083524
AS1,AS,111.29894857215635
AS1,AS,135.38082489807374
AS1,AS,121.9120236144064
AS1,AS,100.59844061314868
AS1,AS,70.53428489351124
AS1,AS,81.02384875568812
AS1,AS,94.01339783220644
AS1,AS,79.24256881755467
AS1,AS,111.08759144989882
AS1,AS,151.59016879053635
AS1,AS,88.54756220241464
AS1,AS,60.90803784844277
AS1,AS,121.44055342102283
AS1,AS,84.19864317283493
AS1,AS,43.12706000488486
AS1,AS,76.85154493428773
AS1,AS,82.33324401806132
AS1,AS,87.67439083356992
AS1,AS,70.96692528935505
AS1,AS,102.04109794349935
AS1,AS,133.52633561251366
AS1,AS,95.5968434957643
AS1,AS,90.01709922639537
AS1,AS,206.0275621393167
AS1,AS,52.204340775872126
AS1,AS,60.733481566523295
AS1,AS,67.36917155813818
AS1,AS,58.98113885238292
AS1,AS,105.58438206912946
AS1,AS,73.10315401298855
AS1,AS,106.24627969885394
AS1,AS,80.427571886724
AS1,AS,70.51758054936563
AS1,AS,170.84352198642543
AS1,AS,106.54916302077541
AS1,AS,88.40367905642303
AS1,AS,70.57429374118301
AS1,AS,115.04181206833351
AS1,AS,158.6787670554284
AS1,AS,42.56596525053126
AS1,AS,88.4060970234603
AS1,AS,63.245384325524185
AS1,AS,98.27539484192374
AS1,AS,68.97614089891799
AS1,AS,87.04830768219003
AS1,AS,59.944677676518154
AS1,AS,68.13889668999559
AS1,AS,103.75097533648817
AS1,AS,124.76258051875598
AS1,AS,104.6726516450929
AS1,AS,93.4499052978769
AS1,AS,68.81370969378867
AS1,AS,96.23292841127775
AS1,AS,79.34884096728861
AS1,AS,107.1118128360701
AS1,AS,124.89773527561917
AS1,AS,69.98252454271127
AS1,AS,120.65804274707263
AS1,AS,65.28863302612827
AS1,AS,98.69990208492815
AS1,AS,95.64861315542556
AS1,AS,84.30723246863826
AS1,AS,111.02399882897153
AS1,AS,46.427077960196776
AS1,AS,171.62230503277962
AS1,AS,89.71566229385284
AS1,AS,86.77699864835006
AS1,AS,65.03719031739962
AS1,AS,62.2412964688306
AS1,AS,156.80351022639152
AS1,AS,62.83588793208556
AS1,AS,132.38349111212102
AS1,AS,118.20258197933576
AS1,AS,144.22795469843354
AS1,AS,117.46535919136646
AS1,AS,144.28497282170196
AS1,AS,64.00320395527714
AS1,AS,118.21577221114862
AS1,AS,78.99691032452981
AS1,AS,83.67889335875104
AS1,AS,115.35420985412519
AS1,AS,92.01003877632728
AS1,AS,119.57727167705075
AS1,AS,69.55855187788607
AS1,AS,66.24700816430344
AS1,AS,56.33423041566815
AS1,AS,151.4591765536693
AS1,AS,198.20973538448757
AS1,AS,118.46930013999497
AS1,AS,116.99142964678457
AS1,AS,141.75563069102265
AS1,AS,138.16797220338793
AS1,AS,131.5154321484922
AS1,AS,62.18438214808154
AS1,AS,125.68123108210476
AS1,AS,66.34832545137152
AS1,AS,85.98874911621505
AS1,AS,61.55423734997262
AS1,AS,95.37917167939315
AS1,AS,158.63657839368292
AS1,AS,73.91028248785982
AS1,AS,64.19591334528972
AS1,AS,129.76464163969192
AS1,AS,65.78140108247315
AS1,AS,64.37771403753344
AS1,AS,149.11641668340854
AS1,AS,146.19224185409615
AS1,AS,122.41718436822926
AS1,AS,69.58955513438555
AS1,AS,96.16192088905642
AS1,AS,122.41879002370699
AS1,AS,90.60464123864926
AS1,AS,53.880508461073646
AS1,AS,118.14819155283898
AS1,AS,75.55228704092004
AS1,AS,73.11992673919272
AS1,AS,78.44971509047522
AS1,AS,77.00052875520072
AS1,AS,76.58568670358217
AS1,AS,195.72799229606525
AS1,AS,70.20723033229827
AS1,AS,91.01127991752469
AS1,AS,133.34406701758905
AS1,AS,122.99089957429597
AS1,AS,179.63113299693768
AS1,AS,76.62392464814918
AS1,AS,147.25120630161143
AS1,AS,128.16615597512396
AS1,AS,69.26869479235015
AS1,AS,87.9418493485359
AS1,AS,98.22872423588134
AS1,AS,63.903945040281336
AS1,AS,98.64311107910224
AS1,AS,65.27793051787316
AS1,AS,101.42717599942449
AS1,AS,55.57731211344731
AS1,AS,57.93652303446495
AS1,AS,75.0866954363596
AS1,AS,79.88868071973499
AS1,AS,75.81779912028196
AS1,AS,131.40320079551088
AS1,AS,95.70768138968434
AS1,AS,98.79631518881881
AS1,AS,70.28168109714592
AS1,AS,115.45178998077228
AS1,AS,57.606756607696084
AS2,AS,140.57604662255915
AS2,AS,59.62661051298599
AS2,AS,91.87693105408373
AS2,AS,43.88057440633243
AS2,AS,72.7190878509068
AS2,AS,251.11723484905306
AS2,AS,159.93022109557512
AS2,AS,104.74652892563248
AS2,AS,94.95355908396026
AS2,AS,241.66238932999332
AS2,AS,97.07264350124983
AS2,AS,68.82209917508726
AS2,AS,130.52287082629715
AS2,AS,86.81619189837801
AS2,AS,48.29182314441115
AS2,AS,65.13943394286527
AS2,AS,34.61164572096807
AS2,AS,95.90171960837175
AS2,AS,46.639323224965906
AS2,AS,64.98432181504478
AS2,AS,36.553965865323285
AS2,AS,158.66316917941046
AS2,AS,110.98350969159141
AS2,AS,45.00219685732088
AS2,AS,122.9937828541789
AS2,AS,42.088469950312444
AS2,AS,123.80168352369985
AS2,AS,109.10838016533638
AS2,AS,57.621798785356376
AS2,AS,93.68917359059382
AS2,AS,79.74807720687619
AS2,AS,39.699688882999645
AS2,AS,86.29159985754521
AS2,AS,72.03913175092049
AS2,AS,105.25923044357981
AS2,AS,41.790552668464564
AS2,AS,40.66333267818462
AS2,AS,45.06726532509642
AS2,AS,72.27785434928717
AS2,AS,72.98504439765878
AS2,AS,104.4694682155459
AS2,AS,65.3804239065102
AS2,AS,40.56898193891703
AS2,AS,76.52164776954804
AS2,AS,29.12180038935329
AS2,AS,51.94138332582562
AS2,AS,139.80101292016434
AS2,AS,90.40279714099032
AS2,AS,81.71771734923595
AS2,AS,41.192943224759816
AS2,AS,32.76120509124935
AS2,AS,57.47818378906972
AS2,AS,142.75743062951491
AS2,AS,169.52177146042337
AS2,AS,41.130224138452824
AS2,AS,118.99453440141382
AS2,AS,32.539018707794284
AS2,AS,202.84737842742828
AS2,AS,95.03703812660092
AS2,AS,90.42183797905147
AS2,AS,172.11266486199133
AS2,AS,115.65279377453433
AS2,AS,97.3241731410218
AS2,AS,42.33309270873475
AS2,AS,52.74650835481136
AS2,AS,92.70027994589105
AS2,AS,117.69949248565459
AS2,AS,56.98309841052794
AS2,AS,40.94827146704809
AS2,AS,49.95284126085937
AS2,AS,93.07570206548186
AS2,AS,49.83947406421737
AS2,AS,36.06480707928717
AS2,AS,69.68789089581048
AS2,AS,36.97878353427495
AS2,AS,72.49451951842347
AS2,AS,48.44635410493222
AS2,AS,42.16802865121392
AS2,AS,62.49669464676917
AS2,AS,57.115309572034015
AS2,AS,92.0969079065849
AS2,AS,73.85373590236276
AS2,AS,87.81701237166263
AS2,AS,110.97191090296948
AS2,AS,54.09663555623564
AS2,AS,90.4032160409161
AS2,AS,56.50890676646776
AS2,AS,47.44123631228726
AS2,AS,62.95104464638965
AS2,AS,34.98002304137908
AS2,AS,83.64999925563413
AS2,AS,48.47301747644798
AS2,AS,103.28026097913057
AS2,AS,189.98831202209644
AS2,AS,41.63156513163915
AS2,AS,60.72331177712419
AS2,AS,135.92569756854013
AS3,AS,121.91593056266744
AS3,AS,75.40594987892666
AS3,AS,113.25041081638835
AS3,AS,66.76524282503796
AS3,AS,35.991844772047166
AS3,AS,63.28281517120536
AS3,AS,86.3753152995124
AS3,AS,67.90418210844021
AS3,AS,54.443039087631206
AS3,AS,116.08872800368411
AS3,AS,201.77468079551807
AS3,AS,56.430746621168424
AS3,AS,36.948395167840296
AS3,AS,42.91092581005863
AS3,AS,96.71041221599317
AS3,AS,57.17612528467234
AS3,AS,119.3017686365845
AS3,AS,51.88510106053235
AS3,AS,74.22044992586262
AS3,AS,73.49615516202614
AS3,AS,57.303428271114164
AS3,AS,80.60184992586318
AS3,AS,57.59477744890958
AS3,AS,84.89877873841321
AS3,AS,53.06340484156134
AS3,AS,78.78411514001714
AS3,AS,75.96794657957595
AS3,AS,44.01160301098226
AS3,AS,101.02476150257196
AS3,AS,160.60971492761666
AS3,AS,44.997603660846266
AS3,AS,118.73970317852358
AS3,AS,83.37840575908031
AS3,AS,61.85478832807106
AS3,AS,68.99412515976125
AS3,AS,38.85048176076767
AS3,AS,63.59712286639229
AS3,AS,59.77410515419137
AS3,AS,53.782805880144295
AS3,AS,75.98177367514175
AS3,AS,101.88451614282424
AS3,AS,69.41673762853887
AS3,AS,71.34637075884662
AS3,AS,53.16638019697702
AS3,AS,79.01800011403205
AS3,AS,49.97627147916836
AS3,AS,149.18924918878275
AS3,AS,87.57745837621013
AS3,AS,76.3700604119078
AS3,AS,79.69867766231133
AS3,AS,44.033750556287174
AS3,AS,54.95492843528633
AS3,AS,130.8638177719475
AS3,AS,191.40782730076734
AS3,AS,48.42447138735496
AS3,AS,112.4511421062204
AS3,AS,78.02316747631721
AS3,AS,80.3971726928926
AS3,AS,95.53086521842394
AS3,AS,136.69112790343797
AS3,AS,143.60742021271153
AS3,AS,93.56001437000701
AS3,AS,106.5885814536299
AS3,AS,76.20582327534724
AS3,AS,91.95099382456037
AS3,AS,55.78328662205109
AS3,AS,76.29768154086142
AS3,AS,39.11449558223668
AS3,AS,52.601226131166634
AS3,AS,51.189212239712056
AS3,AS,128.7645229135053
AS3,AS,71.4777494374771
AS3,AS,107.38802633275894
AS3,AS,74.1388879440522
AS3,AS,100.64469692579863
AS3,AS,57.39970305051815
AS3,AS,151.63847732909002
AS3,AS,94.70341334710362
AS3,AS,77.85244778880325
AS3,AS,63.97203718958881
AS3,AS,136.26734293404465
AS3,AS,108.9036655845551
AS3,AS,102.10878597591952
AS3,AS,47.75832815688598
AS3,AS,51.59544220775911
AS3,AS,111.37713423725461
AS3,AS,68.96771584477273
AS3,AS,65.73999338893489
AS3,AS,67.11981768363647
AS4,AS,76.0025992020799
AS4,AS,63.00047150105458
AS4,AS,36.802076408537374
AS4,AS,43.23349793522165
AS4,AS,62.677176052274106
AS4,AS,75.90615504093277
AS4,AS,63.13922409902368
AS4,AS,63.311311950831474
AS4,AS,56.85430237681474
AS4,AS,51.420195222673556
AS4,AS,52.616476431073934
AS4,AS,82.916886841902
AS4,AS,39.21972915647206
AS4,AS,65.72811983084677
AS4,AS,90.60230193106028
AS4,AS,49.731783215489344
AS4,AS,36.92599584390043
AS4,AS,27.400123711794468
AS4,AS,57.44865515001936
AS4,AS,74.41841480308352
AS4,AS,37.469375541611136
AS4,AS,81.99158989068611
AS4,AS,46.45370665711624
AS4,AS,64.71296546806516
AS4,AS,62.993190108490374
AS4,AS,77.70193463778024
AS4,AS,32.980028932213486
AS4,AS,60.559439604748555
AS4,AS,46.072064441354904
AS4,AS,84.49091558756868
AS4,AS,56.4122883857344
AS4,AS,58.04903107033466
AS4,AS,54.65364195135044
AS4,AS,49.966834405663135
AS4,AS,48.07050402264022
AS4,AS,57.54663581543208
AS4,AS,71.8578869591323
AS4,AS,86.6264847947378
AS4,AS,160.44180811015713
AS4,AS,47.405818103502256
AS4,AS,33.21437336110783
AS4,AS,74.19568472308977
AS4,AS,38.298045991176245
AS4,AS,43.74378477165587
AS4,AS,40.31060207982327
AS4,AS,38.801075516863456
AS4,AS,35.02403289307105
AS4,AS,37.563747368887256
AS4,AS,64.95668683770688
AS4,AS,77.37122167212752
AS4,AS,126.54981957224449
AS4,AS,58.860092160725976
AS4,AS,78.4945993808978
AS4,AS,45.00272793767466
AS4,AS,63.527096226600705
AS4,AS,44.10332488543889
AS4,AS,49.82851348615237
AS4,AS,109.97692887349612
AS4,AS,79.93973424779698
AS4,AS,96.37695047363701
AS4,AS,70.9366878669949
AS4,AS,41.9368268056924
AS4,AS,48.17578957265992
AS4,AS,53.15741646711696
AS4,AS,46.15669739827728
AS4,AS,54.125578787128035
AS4,AS,64.28180543773317
AS4,AS,50.77643726929156
AS4,AS,48.966900251611385
AS4,AS,66.99120893331437
AS4,AS,43.47212054485298
AS4,AS,80.77882085334267
AS4,AS,47.48010122794488
AS4,AS,96.54220235017588
AS4,AS,49.88980187426732
AS4,AS,125.38818382254757
AS4,AS,64.82344180242181
AS4,AS,37.20041232088908
AS4,AS,109.54363610650893
AS4,AS,99.54677941234854
AS4,AS,80.66836318344187
AS4,AS,117.60339979207457
AS4,AS,65.33971208162126
AS4,AS,71.3028957913397
AS4,AS,53.16068982830354
AS4,AS,60.72842895015244
AS4,AS,65.83822809645358
AS4,AS,27.283376809228614
AS4,AS,88.66200633747843
AS4,AS,54.985591281349045
AS4,AS,62.69927938704572
AS4,AS,57.366501529838864
AS4,AS,35.548903277532915
AS4,AS,61.533232316669164
AS4,AS,78.49376601898562
AS4,AS,65.33845252250461
AS4,AS,37.9219251499598
AS4,AS,62.88128246442374
AS4,AS,52.281185379555644
AS4,AS,80.45553627410312
AS4,AS,60.27649011419258
AS4,AS,64.41266851388859
AS4,AS,57.821766316466125
AS4,AS,30.867792982245714
AS4,AS,41.616860981071646
AS4,AS,64.74899368420526
AS4,AS,76.81221611261547
AS4,AS,73.75478447457576
AS4,AS,172.82461224271592
AS4,AS,106.6550416819734
AS4,AS,79.79718489236242
AS4,AS,73.48071806750502
AS4,AS,50.25292035451182
AS4,AS,125.99464878468962
AS4,AS,50.34768985092557
AS4,AS,41.30110713458832
AS4,AS,51.944787920969674
AS4,AS,84.56537178193766
AS4,AS,23.72119696905649
AS4,AS,45.659645072581746
AS4,AS,30.40761905851942
AS4,AS,51.228588814034964
AS4,AS,69.06718088139107
AS4,AS,36.12888921180056
AS4,AS,69.88507239718975
AS4,AS,42.9041804929426
AS4,AS,63.44547718716161
AS4,AS,92.49154255046481
AS4,AS,70.57405494110364
AS4,AS,56.1900758708905
AS4,AS,33.04812439107321
AS4,AS,64.1984013685699
AS4,AS,92.85864138948855
AS4,AS,35.809201705249805
AS4,AS,51.48306329757591
AS4,AS,59.028147321975794
AS4,AS,42.11038087453711
AS4,AS,115.27876722840334
AS4,AS,41.04173375396004
AS4,AS,41.78553213486988
AS4,AS,83.06914045155105
AS4,AS,63.50425125775052
AS4,AS,43.91170918810694
AS4,AS,66.03539821604022
AS4,AS,37.62064160292983
AS4,AS,52.37815005671261
AS4,AS,72.11187946115332
AS4,AS,23.570466476267313
AS4,AS,107.86625956423688
AS4,AS,60.286632301965895
AS4,AS,55.50729389334004
AS4,AS,92.8434835583476
AS4,AS,49.65001862230103
AS4,AS,56.755205697821715
AS4,AS,49.17843731673634
AS4,AS,60.29986301185868
AS4,AS,34.7372288760295
AS4,AS,62.66252235908427
AS4,AS,52.636335081126894
AS4,AS,41.16830133600602
AS4,AS,30.098067929058843
AS4,AS,52.180991038019165
AS4,AS,52.62773022149916
AS4,AS,22.659836478267295
AS4,AS,33.45097559979507
AS5,AS,85.6231373952088
AS5,AS,40.84936921355771
AS5,AS,98.58740362888497
AS5,AS,53.350362676515
AS5,AS,63.32462247665485
AS5,AS,94.57301636471695
AS5,AS,164.58492136151366
AS5,AS,37.76456742518461
AS5,AS,109.09509469187397
AS5,AS,48.58041199498628
AS5,AS,63.56821337328483
AS5,AS,60.8355257612939
AS5,AS,52.98922365845312
AS5,AS,65.25732615918712
AS5,AS,28.344103643908717
AS5,AS,104.92403432418585
AS5,AS,98.4083475055524
AS5,AS,121.49281752847588
AS5,AS,52.135492269151506
AS5,AS,88.4199001080379
AS5,AS,97.78419535827764
AS5,AS,56.614055270251235
AS5,AS,42.91278454338205
AS5,AS,74.51381732893849
AS5,AS,85.76909262028454
AS5,AS,43.059498007521995
AS5,AS,88.32642329034309
AS5,AS,57.406009989763795
AS5,AS,42.37378507509752
AS5,AS,53.629649197987455
AS5,AS,40.924002017953754
AS5,AS,120.24261906180115
AS5,AS,179.94541139284397
AS5,AS,58.16457067022238
AS5,AS,130.26846535650768
AS5,AS,87.4794819813235
AS5,AS,77.57231612910338
AS5,AS,90.47927665085581
AS5,AS,101.32611952025327
AS5,AS,170.37630076246526
AS5,AS,52.32339915075696
AS5,AS,89.19405274668574
AS5,AS,80.586855512958
AS5,AS,43.43731889556956
AS5,AS,49.626316986699784
AS5,AS,125.77712048987007
AS5,AS,97.42875071604116
AS5,AS,68.80288362176408
AS5,AS,37.5718695987504
AS5,AS,56.079338195808006
AS5,AS,84.61055326368155
AS5,AS,34.67564373202
AS5,AS,99.3095334742311
AS5,AS,46.83221260848809
AS5,AS,39.135495704984464
AS5,AS,76.93946839982725
AS5,AS,132.94275141447227
AS5,AS,55.72706718122793
AS5,AS,69.04334174864361
AS5,AS,70.68756642468469
AS5,AS,93.49460677497429
AS5,AS,125.75770409093292
AS5,AS,84.52381285460854
AS5,AS,67.91371905688582
AS5,AS,86.17634921766789
AS5,AS,126.96884708907731
AS5,AS,46.45049856361976
AS5,AS,87.71666407052618
AS5,AS,123.88822707543656
AS5,AS,70.01095374309769
AS5,AS,86.40301423008815
AS5,AS,68.4075069580349
AS5,AS,64.61453173632981
AS5,AS,40.8878081573608
AS5,AS,69.70302592696841
AS5,AS,51.83815645868532
AS5,AS,51.2040986562743
AS5,AS,77.27075570287604
AS5,AS,57.21116494555108
AS5,AS,148.11027282795447
AS5,AS,76.87434522469853
AS5,AS,84.91936704684761
AS5,AS,118.56920841888493
AS5,AS,78.5953476931543
AS5,AS,164.02081627456096
AS5,AS,75.11617256405769
AS5,AS,65.95510648326979
AS5,AS,74.24320294200899
AS5,AS,48.20003779236516
AS5,AS,60.762349618361796
AS5,AS,79.53294515134806
AS5,AS,107.0903455734939
AS5,AS,108.02620540445345
AS5,AS,66.54334760960752
AS5,AS,95.36258477275997
AS6,AS,110.60786854982406
AS6,AS,61.06528401023138
AS6,AS,62.626540210551354
AS6,AS,86.78812274883678
AS6,AS,38.24417575913908
AS6,AS,51.71820292502272
AS6,AS,73.2618435956285
AS6,AS,66.78468659492506
AS6,AS,101.26870561112334
AS6,AS,64.90566033178294
AS6,AS,130.49376658003004
AS6,AS,90.92254075317058
AS6,AS,76.07534972785497
AS6,AS,50.874690760254
AS6,AS,83.44268035162521
AS6,AS,110.0339643242115
AS6,AS,39.746355948909375
AS6,AS,49.398442931928145
AS6,AS,76.47853009319263
AS6,AS,71.22953325676649
AS6,AS,89.38062712633143
AS6,AS,77.75972399934244
AS6,AS,145.95886005128864
AS6,AS,113.11148746505519
AS6,AS,61.43677817326901
AS6,AS,74.41753824547753
AS6,AS,114.71378409625815
AS6,AS,142.11054227803004
AS6,AS,57.08118911722574
AS6,AS,75.44823676329408
AS6,AS,82.08228460322717
AS6,AS,69.94318866313884
AS6,AS,68.22317772500963
AS6,AS,107.89650521892817
AS6,AS,89.38718472348202
AS6,AS,103.47730348503195
AS6,AS,94.12039012798722
AS6,AS,143.11347769833523
AS6,AS,31.766147178034668
AS6,AS,98.24695517791888
AS6,AS,72.5288551466566
AS6,AS,71.63455602292395
AS6,AS,93.34278627339373
AS6,AS,81.27990850734285
AS6,AS,86.00081959527411
AS6,AS,129.42798081419417
AS6,AS,62.43711399092732
AS6,AS,60.07719660889244
AS6,AS,56.34907356907299
AS6,AS,125.5912015085804
AS6,AS,64.67331622313732
AS6,AS,78.08558361135026
AS6,AS,129.2107005540871
AS6,AS,77.18571212926406
AS6,AS,91.93248689749579
AS6,AS,51.74909586283516
AS6,AS,112.02102817274825
AS6,AS,70.47188866051525
AS6,AS,49.1896379065361
AS6,AS,112.19336592018487
AS6,AS,48.2344074001441
AS6,AS,65.74433346583739
AS6,AS,54.07072906520464
AS6,AS,45.61659233973369
AS6,AS,97.99874975980148
AS6,AS,105.34566697177569
AS6,AS,199.55344105992498
AS6,AS,78.17664736556135
AS6,AS,110.15172831831774
AS6,AS,172.90404754222556
AS6,AS,75.38533444158499
AS6,AS,77.39027147275215
AS6,AS,238.24379485350545
AS6,AS,92.55852780753138
AS6,AS,74.10955254184168
AS6,AS,70.81326722113069
AS6,AS,40.3688439329347
AS6,AS,85.47975917458882
AS6,AS,58.554302199091495
AS6,AS,125.02615874545467
AS6,AS,165.46016831583518
AS6,AS,116.94106623454172
AS6,AS,139.6893947937885
AS6,AS,74.83536231194446
AS6,AS,292.4573109762097
AS6,AS,120.78834538219934
AS6,AS,56.10979314544031
AS6,AS,55.69518515749356
AS6,AS,57.717243135780095
AS6,AS,110.60887085188476
AS6,AS,96.47428920653526
AS6,AS,63.229427397380256
AS6,AS,45.667789464025056
AS6,AS,63.06762386678457
AS6,AS,73.68260169280018
AS6,AS,83.79705772861982
AS6,AS,46.397839167329074
AS6,AS,64.11296585822598
AS6,AS,121.76508510140626
AS6,AS,62.51598423886826
AS6,AS,94.05020934474435
AS6,AS,64.02967137566168
AS6,AS,102.06021218217995
AS6,AS,86.47681011875883
AS6,AS,62.83209831127236
AS6,AS,98.4946587034024
AS6,AS,86.8478934242571
AS6,AS,66.28498275439426
AS6,AS,59.6442557706821
AS6,AS,111.50182775554781
AS6,AS,81.71429060206285
AS6,AS,48.036859235675486
AS6,AS,157.07898566582625
AS6,AS,60.96784359242685
AS6,AS,154.43862307964136
AS6,AS,167.99684321095856
AS6,AS,71.23768004522839
AS6,AS,92.79107196362128
AS6,AS,205.7728017607222
AS6,AS,54.56420866311132
AS6,AS,93.41503272557814
AS6,AS,120.47726371605576
AS6,AS,126.43958621776325
AS6,AS,159.85208112196605
AS6,AS,143.9338094075463
AS6,AS,89.87186525879966
AS6,AS,96.73359873598457
AS6,AS,91.03714572599758
AS6,AS,75.6495252511503
AS6,AS,80.54721729953232
AS6,AS,60.083529158170634
AS6,AS,73.54851828613137
AS6,AS,103.3703743620011
AS6,AS,54.37451717978008
AS6,AS,69.66942655433972
AS6,AS,101.65454011523354
AS6,AS,91.27918652090115
AS6,AS,66.9647388365186
AS6,AS,85.31230874780287
AS6,AS,85.65156006776604
AS6,AS,172.53185838078736
AS6,AS,61.849364224280706
AS6,AS,93.4731250234626
AS6,AS,73.7340158041977
AS6,AS,147.36642164300355
AS6,AS,63.941215798760744
AS6,AS,63.08842524417273
AS6,AS,48.967864448704425
AS6,AS,87.04881477821492
AS6,AS,104.4525261174383
AS6,AS,90.19290259497785
AS6,AS,70.80055730391706
AS6,AS,99.59597097045534
AS6,AS,96.75321015224131
AS6,AS,129.02541463192549
AS6,AS,51.637258725302274
AS6,AS,65.99325673922829
AS6,AS,89.26234133791257
AS6,AS,77.55913733181524
AS6,AS,212.0588221209479
AS6,AS,98.61374984889012
AS6,AS,165.00965852199081
AS6,AS,158.16782800066292
AS6,AS,98.15287852401948
AS6,AS,79.20255750290723
AS6,AS,139.7084058845159
AS6,AS,102.21499503737228
AS6,AS,65.68694913052927
AS6,AS,98.60008111798851
AS6,AS,68.57335162418136
AS6,AS,95.10617776358609
AS6,AS,61.69014831597419
AS6,AS,88.28263733629002
AS6,AS,153.64708963995452
AS6,AS,85.39012345443341
AS6,AS,73.13263163691926
AS6,AS,33.39915202430819
AS6,AS,112.27253130331279
AS6,AS,72.39820408549343
AS6,AS,64.01051109526458
AS6,AS,175.35731992618076
AS6,AS,51.974005120447806
AS6,AS,92.48674741516652
AS6,AS,81.12147338202172
AS6,AS,169.73393602679366
AS6,AS,104.45143517695804
AS6,AS,69.60833105910015
AS6,AS,43.09605978715864
AS6,AS,66.71455121063302
AS6,AS,77.1632107011059
AS6,AS,53.96934717113746
AS6,AS,47.3752076314717
AS6,AS,54.58749870367532
AS6,AS,122.26774834770308
AS6,AS,44.61763854628078
AS6,AS,121.43625569519656
AS6,AS,89.26208111523594
AS6,AS,88.32416921603188
AS6,AS,122.64668851214465
AS6,AS,105.73887913296211
AS6,AS,91.99290145950685
AS6,AS,114.10417198318454
AS6,AS,48.7212127802154
AS6,AS,161.5939790515963
AS6,AS,66.8791423072113
C1,C,132.10923478078746
C1,C,100.1994037173488
C1,C,105.18831275013275
C1,C,74.76875975667433
C1,C,296.0609172767804
C1,C,57.16933566776898
C1,C,97.72402041584228
C1,C,75.0212458355404
C1,C,67.42336384668877
C1,C,110.89685480057128
C1,C,57.54933539254192
C1,C,82.4798902940209
C1,C,75.49780415007518
C1,C,93.09646957320086
C1,C,63.387113803791436
C1,C,89.68187277833206
C1,C,115.57437980455119
C1,C,92.45748517523499
C1,C,105.49068920807251
C1,C,111.2884522852404
C1,C,85.56129203156274
C1,C,75.91972368470819
C1,C,122.4933273670933
C1,C,72.22624859054595
C1,C,66.78613478900319
C1,C,74.44844071970175
C1,C,96.98895506736797
C1,C,56.989474026780606
C1,C,47.09005591569353
C1,C,63.92338937713001
C1,C,57.62209673877095
C1,C,98.18220354409274
C1,C,81.66569037463293
C1,C,58.98298022801817
C1,C,153.93066022482583
C1,C,56.08823441993016
C1,C,56.48105008937444
C1,C,69.00682764703406
C1,C,81.50878943471366
C1,C,35.365384773772135
C1,C,88.26641265415384
C1,C,65.70077244063134
C1,C,50.37610513687746
C1,C,69.74701414025235
C1,C,150.33267556354448
C1,C,112.38980765033072
C1,C,109.34831486943106
C1,C,46.45653344506289
C1,C,71.52682481989905
C1,C,56.247750053814116
C1,C,49.346262387276354
C1,C,32.25854410948063
C1,C,28.55144616729718
C1,C,87.53640329337873
C1,C,37.66533431308261
C1,C,49.829159630799865
C1,C,52.87554302651065
C1,C,78.34527580321203
C1,C,70.0180603178102
C1,C,44.96099638204659
C1,C,64.48273375807689
C1,C,75.56149008774555
C1,C,73.64187941041372
C1,C,72.87506925880119
C1,C,71.58115732217794
C1,C,58.35320125247871
C1,C,48.781044278716415
C1,C,106.69036193501962
C1,C,95.71056538531955
C1,C,78.7886869086657
C1,C,71.90837862503011
C1,C,83.2898119959118
C1,C,70.5109446956901
C1,C,39.65193734665052
C1,C,36.28735375235798
C1,C,138.8031247382518
C1,C,83.88104974795286
C1,C,76.31793891190378
C1,C,92.94076535581839
C2,C,60.11399295052993
C2,C,66.42337745006796
C2,C,56.334074731959554
C2,C,59.13577629149691
C2,C,108.3879983012444
C2,C,120.97914312901901
C2,C,54.43647582648855
C2,C,105.17394870402012
C2,C,96.72175659010466
C2,C,114.89585135023232
C2,C,73.74870715765435
C2,C,60.06899826017918
C2,C,56.16057549620348
C2,C,103.19853922496527
C2,C,103.33741621065025
C2,C,99.83281159574098
C2,C,110.1317730915405
C2,C,145.5359400197859
C2,C,77.8192243418113
C2,C,67.88539898696325
C2,C,58.56166406741305
C2,C,50.83461762468045
C2,C,112.85847463160842
C2,C,46.43153680434055
C2,C,107.48694473907258
C2,C,67.35981645548975
C2,C,141.30083564640793
C2,C,74.95558538945066
C2,C,75.300748071316
C2,C,122.70170506591099
C2,C,111.03518816467862
C2,C,40.047542204749114
C2,C,95.0371850347327
C2,C,133.54685358179412
C2,C,157.84092891398566
C2,C,69.06100115798175
C2,C,52.555743767559285
C2,C,38.53307495207579
C2,C,68.10048584766056
C2,C,57.04698018139602
C2,C,55.37276180944768
C2,C,84.36813949546298
C2,C,85.63414230284491
C2,C,145.70865261567965
C2,C,61.467276505191606
C2,C,53.65909755503407
C2,C,167.83553254254215
C2,C,41.289013900104685
C2,C,77.83867339860242
C2,C,69.77173925546325
C2,C,48.92594121582439
C2,C,52.80679032439124
C2,C,49.71777799351055
C2,C,54.885969346975756
C2,C,77.76425476498298
C2,C,63.44998778514515
C2,C,49.40687120528068
C2,C,41.44656657260975
C2,C,57.383434773778085
C2,C,77.72761948025655
C2,C,83.55846705990655
C2,C,99.1492334658871
C2,C,63.51348968391729
C2,C,66.81235430591381
C2,C,50.750640581564944
C2,C,149.3877954853419
C2,C,86.7295712303858
C2,C,81.86841168526696
C2,C,36.309985803612214
C2,C,79.98338722822216
C2,C,82.42921732163076
C2,C,41.36304503960029
C2,C,57.365326494860426
C2,C,70.24521830279886
C2,C,81.11221849936868
C2,C,51.278527327383564
C2,C,99.66206029758365
C2,C,61.918434493677374
C2,C,62.64426698458618
C2,C,74.33087889949523
C2,C,57.29714388414142
C2,C,77.97413727361048
C2,C,90.02449170526342
C2,C,71.42705431077076
C2,C,72.62673432113422
C2,C,58.24077861648145
C2,C,63.70655448839204
C2,C,47.66759592388632
C2,C,96.38205024717293
C2,C,96.44545829680817
C2,C,71.86174505692702
C2,C,71.08939846771452
C2,C,61.14675658218641
C2,C,62.12530306433778
C2,C,48.278141242316856
C2,C,92.10316527687021
C2,C,138.38521996264825
C2,C,70.78447514378371
C2,C,73.45982751339946
C2,C,51.75314806545445
C2,C,55.954384331554316
C2,C,65.58303305728904
C2,C,63.946211724161984
C2,C,79.42537751950562
C2,C,124.7143694382469
C2,C,43.363454272095694
C2,C,48.15802033736378
C2,C,134.35384212178093
C2,C,90.41447121416363
C2,C,43.19535161207323
C2,C,40.752538898873176
C2,C,52.580454036411
C2,C,91.87171076659753
C2,C,75.15902028603566
C2,C,68.76723993932816
C2,C,57.94294620718079
C2,C,79.67518831878184
C2,C,49.06392529243231
C2,C,108.29922265299903
C2,C,102.22607439126733
C2,C,53.25613145602443
C2,C,61.90507016778545
C2,C,98.39414218884158
C2,C,35.94785331587054
C2,C,52.95864868220914
C2,C,44.92336681303643
C2,C,92.15199881723542
C2,C,55.79278948596879
C2,C,74.39241449828624
C2,C,79.60579571286762
C2,C,90.27334225523983
C2,C,98.4239988032456
C2,C,135.57607951448028
C2,C,56.10802004739332
C2,C,83.82617040224609
C2,C,103.26035788767648
C2,C,108.67830692060944
C2,C,61.197259774883186
C2,C,90.5888104664968
C2,C,60.108657043296525
C2,C,83.68774730792877
C2,C,78.84718235016979
C2,C,72.34652137920781
C3,C,73.56181179065912
C3,C,107.06114768103404
C3,C,78.99520434183984
C3,C,109.7520060115784
C3,C,81.61588529443978
C3,C,89.05707163798562
C3,C,66.33285086982629
C3,C,123.32518424258997
C3,C,74.35716156505764
C3,C,77.72160069737967
C3,C,187.00301903079585
C3,C,118.5501252907917
C3,C,85.64129504772366
C3,C,85.90638063898969
C3,C,108.66147136821063
C3,C,86.92685778797177
C3,C,82.16954378709569
C3,C,92.06331201544889
C3,C,93.32268814630314
C3,C,97.0833936968285
C3,C,92.94509785365686
C3,C,80.96621786813927
C3,C,95.10109979081058
C3,C,87.27815686731378
C3,C,106.3904573561709
C3,C,169.9770139735379
C3,C,98.07806742603196
C3,C,121.25202775349952
C3,C,108.6595628201522
C3,C,95.51671419308111
C3,C,98.40870805336908
C3,C,119.43055351899339
C3,C,154.41325813690835
C3,C,85.497981393312
C3,C,98.5209607473781
C3,C,115.46163653004109
C3,C,69.79776394699297
C3,C,95.65740166154933
C3,C,64.62002707814767
C3,C,78.82422192453527
C3,C,95.45482122990848
C3,C,93.76465434224949
C3,C,57.944902647298875
C3,C,101.12194295758734
C3,C,67.0111002599266
C3,C,176.27116914959703
C3,C,91.1680207500358
C3,C,99.71980897878142
C3,C,126.54299925804544
C3,C,81.21939423030938
C3,C,98.13322301973604
C3,C,54.286846856407145
C3,C,58.32487785918039
C3,C,104.85982419831241
C3,C,99.57935881341987
C3,C,90.43103222687503
C3,C,60.85233646152666
C3,C,94.88681946300436
C3,C,168.0744975307466
C3,C,101.76677560302525
C3,C,82.47871451112893
C3,C,68.0484086883137
C3,C,114.01445733712924
C3,C,73.07160394388599
C3,C,106.16305648059547
C3,C,82.23105389200006
C3,C,88.13079435960518
C3,C,90.44198981923606
C3,C,94.88561768490544
C3,C,84.95997781945039
C3,C,83.73187120324566
C3,C,124.36123944237765
C3,C,96.53818704503536
C3,C,177.9340888630476
C3,C,114.53543200274106
C3,C,113.96616546756634
C3,C,103.71954721493458
C3,C,129.99744330689788
C3,C,71.55691712610212
C3,C,93.50394482123576
C3,C,96.14841981380586
C3,C,90.7001957845765
C3,C,80.11835942578922
C3,C,83.70912762452988
C3,C,89.61405278766088
C3,C,65.99253270123498
C3,C,89.30125067198686
C3,C,55.96177810089302
C3,C,104.44008521974547
C3,C,67.13420319956221
C3,C,50.23548989086136
C3,C,53.87643023136564
C4,C,120.41829844524496
C4,C,87.93151645477911
C4,C,107.91888798683621
C4,C,89.22741691522062
C4,C,131.57025394307243
C4,C,155.34478276077314
C4,C,68.94829400377569
C4,C,62.89185470592353
C4,C,247.04244447574905
C4,C,114.64360241845664
C4,C,76.16590700443325
C4,C,74.81920764023378
C4,C,136.52548562351475
C4,C,124.68149219828864
C4,C,59.94192668284176
C4,C,151.76324988245867
C4,C,77.02388491398935
C4,C,92.65660768637528
C4,C,161.53838399313852
C4,C,166.62099147361215
C4,C,170.54227490340878
C4,C,184.96935087440266
C4,C,151.48083890431425
C4,C,98.78872571786837
C4,C,100.44936481925254
C4,C,210.6710065451464
C4,C,91.13791327353977
C4,C,79.67241580912842
C4,C,109.16374758575705
C4,C,85.50694563830987
C4,C,138.14248564557977
C4,C,188.99805801855894
C4,C,76.97721312436717
C4,C,91.53068620925944
C4,C,89.71744677010645
C4,C,89.8058123120585
C4,C,116.77360600666536
C4,C,150.75343904432552
C4,C,128.5674628412231
C4,C,129.85183947523126
C4,C,40.28136478776511
C4,C,79.55048227178945
C4,C,64.65351354325043
C4,C,97.25651790878183
C4,C,91.90875435364165
C4,C,92.60840292129092
C4,C,114.01490237024166
C4,C,110.89904791837881
C4,C,234.9662171356835
C4,C,86.25337793169963
C4,C,88.48569069956494
C4,C,73.4640046873543
C4,C,84.34742901818339
C4,C,90.08493687068972
C4,C,112.22671454659529
C4,C,93.05080341720146
C4,C,83.16864736858342
C4,C,169.60538898865934
C4,C,87.49610136307712
C4,C,84.53452744257382
C4,C,83.72814050220748
C4,C,140.25430603253957
C4,C,104.11920801279504
C4,C,133.4552480632802
C4,C,144.44777001650024
C4,C,122.68964987626872
C4,C,74.77132713735236
C4,C,97.56162032162935
C4,C,104.51702022254615
C4,C,85.7165311050758
C4,C,132.42736374611124
C4,C,235.0312829153594
C4,C,100.5638857250588
C4,C,66.85621061359876
C4,C,103.76063229642199
C4,C,117.09657975166027
C4,C,85.35276402340038
C4,C,172.565552259373
C4,C,119.28339769588375
C4,C,113.03032449367308
C4,C,92.05763725479927
C4,C,113.8720017092849
C4,C,98.55241575944191
C4,C,90.13807587492028
C4,C,81.7409611995791
C4,C,98.28770659348618
C4,C,124.0026711739677
C4,C,117.82281331435634
C4,C,88.14081253535491
C4,C,70.66739174770457
C4,C,99.4484761909854
C4,C,145.06436115993748
C4,C,76.95283843476689
C4,C,83.31351696145607
C4,C,150.3646546704712
C4,C,90.1494801162864
C4,C,93.39205236742829
C4,C,91.1930375833348
C4,C,189.1705348989305
C4,C,71.40506874571717
C4,C,104.7576079188562
C4,C,104.27766397717404
C4,C,136.59206248476048
C4,C,152.1904667616912
C4,C,73.93361273826153
C4,C,87.41034659525988
C4,C,108.2198224320915
C4,C,173.73855621104542
C4,C,124.09120804766782
C4,C,82.29941657631748
C4,C,123.8843882423479
C4,C,151.2480952856167
C4,C,92.57712011957855
C4,C,100.3698416057727
C4,C,76.06753227060756
C4,C,104.07098005900782
C4,C,106.175713932261
C4,C,119.13322168173171
C4,C,73.70991299337557
C4,C,83.47505405714742
C4,C,112.61869898304487
C4,C,129.12561571759434
C4,C,95.8355211863856
C4,C,156.6583415833203
C4,C,89.97830437284215
C4,C,87.90382242449178
C4,C,115.12568574225482
C4,C,103.70590344171902
C4,C,82.34188000880961
C4,C,192.70164231652856
C4,C,99.47651713848855
C4,C,77.69379424077705
C4,C,84.03554132496294
C4,C,85.31022941020511
C4,C,71.96710682693644
C5,C,123.37034882451407
C5,C,194.66294746899754
C5,C,99.73635354089167
C5,C,142.55472710883788
C5,C,213.3435884668855
C5,C,109.26055920788502
C5,C,112.12570818489567
C5,C,144.35310957583258
C5,C,84.31359384065017
C5,C,118.43609781449184
C5,C,69.24270206784605
C5,C,137.9019678521761
C5,C,172.36215227986395
C5,C,56.65777884635023
C5,C,129.04965832824084
C5,C,98.22396503569651
C5,C,95.47980691696323
C5,C,162.1362388705863
C5,C,117.2154251760663
C5,C,233.34013141003123
C5,C,90.81786046463688
C5,C,101.6018027186858
C5,C,72.45446023551929
C5,C,110.92677176965114
C5,C,140.29045360681778
C5,C,176.72166477417255
C5,C,96.92438825287539
C5,C,92.34290709445972
C5,C,82.05399603694241
C5,C,56.394309931289044
C5,C,154.1214485607143
C5,C,223.3477839472381
C5,C,155.51301312551155
C5,C,69.08163425503729
C5,C,106.02176669848681
C5,C,139.22448261488853
C5,C,110.4174600602399
C5,C,133.80455881040388
C5,C,97.18628947243941
C5,C,71.91294303865769
C5,C,113.84428540270369
C5,C,164.35074494452977
C5,C,77.10437645380651
C5,C,113.99945934893553
C5,C,121.08628458156117
C5,C,141.76869678247022
C5,C,118.30437337005266
C5,C,117.51451659223298
C5,C,124.91252313691894
C5,C,98.13910046353726
C5,C,111.55120103951825
C5,C,105.10244102429371
C5,C,104.81882918342006
C5,C,156.7315795518238
C5,C,124.04920470882075
C5,C,95.4351726136663
C5,C,138.66839474030294
C5,C,82.86341559573937
C5,C,111.26662439110383
C5,C,108.27736683976376
C5,C,104.43933331252713
C5,C,133.2330121869902
C5,C,123.81664682335821
C5,C,128.83552400829856
C5,C,154.5289814047306
C5,C,95.54323257479594
C5,C,139.0672401526566
C5,C,124.66353406033662
C5,C,115.60831480575077
C5,C,118.81872152713049
C5,C,76.68481558568433
C5,C,69.8917811772952
C5,C,127.92569393542115
C5,C,130.44173710369725
C5,C,103.95288212019108
C5,C,134.73477187219328
C5,C,103.2169755837557
C5,C,148.65525372101342
C5,C,109.54711806401016
C5,C,93.53671793886669
C5,C,113.90770552448467
C5,C,158.34922516063855
C5,C,91.05011511152375
C5,C,121.56739518001089
C5,C,93.11471758893175
C5,C,85.19678205938128
C5,C,114.21139601890154
C5,C,88.97802530435327
C5,C,218.44691445768794
C5,C,83.67072697274618
C5,C,157.80074486859147
C5,C,82.51261252144376
C5,C,72.71202497408262
C5,C,92.53657028389985
C5,C,51.07429819499015
C5,C,133.897447531568
C5,C,120.44232065026581
C5,C,99.44394356889009
C5,C,82.20036113470536
C5,C,96.73598769478268
C5,C,60.29426347710489
C5,C,109.56141894496697
C5,C,129.4507871849763
C5,C,56.093764887145795
C5,C,105.48375399629698
C5,C,147.76612513884396
C5,C,154.2959586312839
C5,C,116.4292136610931
C5,C,116.42377463443236
C5,C,141.4003578577147
C5,C,119.58612715309829
C5,C,131.22996600603008
C5,C,72.51300908010305
C5,C,92.56402055527457
C5,C,117.3986847583132
C5,C,123.92858490873846
C5,C,68.96835357540903
C5,C,177.06095572974402
C5,C,102.25920324882182
C5,C,86.6973794252742
C5,C,124.00494686518176
C5,C,93.94821946435749
C5,C,86.9645017400082
C5,C,155.47392032397246
C5,C,115.23621834267239
C5,C,103.36531439142722
C5,C,159.49838690123997
C5,C,95.02069130924332
C5,C,99.91376531508425
C5,C,218.24957451616794
C5,C,124.47294463798676
C5,C,137.36183405339898
C5,C,149.50504705811713
C5,C,75.3415856598995
C5,C,155.95080757957274
C5,C,92.61661815097548
C5,C,131.15745944258992
C5,C,92.15576779583054
C5,C,59.42453500732157
C5,C,76.49303154293075
C5,C,79.17222238957656
C5,C,101.6291072106443
C5,C,77.8041556981921
C5,C,122.03992617018241
C5,C,114.41619208795022
C5,C,165.07986290986636
C5,C,114.49970143696065
C5,C,78.6132306828064
C5,C,74.09852223095612
C5,C,106.3321863051776
C5,C,127.34246981467709
C5,C,88.4643507995246
C5,C,78.0359034313763
C5,C,215.85246902588088
C5,C,96.91915418850498
C5,C,143.1247905287019
C5,C,123.50821349891346
C5,C,98.71888473301019
C5,C,121.30667940612868
C5,C,101.47530135857062
C5,C,159.33205162282275
C5,C,161.72414630360808
C5,C,74.84645734654465
C5,C,103.9469384781493
C5,C,168.4430127211203
C5,C,100.19235545651986
C5,C,87.57148760450522
C6,C,35.87558317788358
C6,C,83.89597069901986
C6,C,73.07727957470986
C6,C,100.8772762697526
C6,C,92.73756308299664
C6,C,54.057834199615364
C6,C,56.58791053152074
C6,C,70.68022379983009
C6,C,56.338350770699655
C6,C,36.868536873603354
C6,C,47.90062167642925
C6,C,55.21286667894966
C6,C,56.37194660388206
C6,C,68.36279790508782
C6,C,77.73257070320922
C6,C,112.92974562264986
C6,C,153.07934807576683
C6,C,74.55155816373464
C6,C,97.86899180872636
C6,C,91.77395636167154
C6,C,87.98003943996473
C6,C,72.66829937037792
C6,C,94.4194467194124
C6,C,58.0954701583715
C6,C,59.10053779374365
C6,C,86.42697599271874
C6,C,62.069120727175495
C6,C,82.90064130828604
C6,C,80.57338260068538
C6,C,104.93147643421227
C6,C,56.33366102296359
C6,C,59.935868132559094
C6,C,76.33974311557895
C6,C,70.72823670541342
C6,C,113.0493980681022
C6,C,51.15624007079142
C6,C,89.25224979357075
C6,C,86.20549957716429
C6,C,52.268951223939325
C6,C,84.97623095556278
C6,C,62.77582996463926
C6,C,48.64998826861857
C6,C,80.70203442192134
C6,C,51.74080889032739
C6,C,69.71035259489798
C6,C,69.42253510436106
C6,C,56.13661404294536
C6,C,47.80596658525444
C6,C,115.00232197438966
C6,C,52.32117407071022
C6,C,116.47451043368181
C6,C,46.71473205371776
C6,C,69.19329592070241
C6,C,88.07135052838674
C6,C,101.8618743259659
C6,C,63.72442399123255
C6,C,68.37461178060408
C6,C,60.30061262277882
C6,C,96.10829212400783
C6,C,132.6621314917719
C6,C,80.38526813170154
C6,C,81.07805988520654
C6,C,60.067162425771066
C6,C,57.00203123999123
C6,C,124.38637088438308
C6,C,62.95366370923305
C6,C,51.924875149247455
C6,C,47.67906021959637
C6,C,52.64555623494924
C6,C,80.36056257851372
C6,C,89.16206673293506
C6,C,84.85670231839634
C6,C,86.78240559583871
C6,C,75.74734772132814
C6,C,85.36643293345482
C6,C,105.01811109309715
C6,C,101.5953817129504
C6,C,74.48523804215372
C6,C,76.12216121891161
C6,C,80.93296273058192
C6,C,70.5789575693509
C6,C,116.14291989813216
C6,C,122.98592145708632
C6,C,113.61030630576522
C6,C,135.23027246987718
C6,C,68.95081407117812
C6,C,69.69554700411618
C6,C,108.84460038274156
C6,C,85.61000330831824
C6,C,63.017352558499894
C6,C,108.71361935440952
C6,C,105.10533932184192
C6,C,90.90038684779728
C6,C,43.78325529788365
C6,C,100.8951528910993
C6,C,49.733503285751254
C6,C,59.66278046934976
C6,C,156.16502952931558
C6,C,66.14264314225345
C6,C,69.2224193662493
C6,C,69.32706095988007
C6,C,101.9055021761004
C6,C,72.97239659378937
C6,C,77.32787835643967
C6,C,75.81194279953078
C6,C,109.49397222240057
C6,C,55.798549359800916
C6,C,72.55428192593007
C6,C,140.9502994264336
C6,C,68.85420499407898
C6,C,92.80502575892055
C6,C,98.50434292009932
C6,C,117.88010475665135
C6,C,85.0189255284874
C6,C,86.4218147563364
C6,C,82.18857840885869
C6,C,65.65463565696807
C6,C,75.89685383975626
C6,C,72.47188029919947
C6,C,62.29732645694759
C6,C,53.04513062189898
C6,C,86.34712171672348
C6,C,91.96500437607546
C6,C,107.12322498791568
C6,C,103.43052521587573
C6,C,95.77398577831325
C6,C,57.87332914658772
C6,C,42.56935725326731
C6,C,47.11821519698406
C6,C,44.792685875986855
C6,C,131.3710889490315
C6,C,86.12490964225417
C6,C,54.52805116465067
C6,C,140.1546185284419
C6,C,94.83244645630357
C6,C,66.99135707672112
C6,C,84.98295892956648
C6,C,38.79234263275741
C6,C,60.321321728727845
C6,C,74.45240027991909
C6,C,58.38424674051754
C6,C,44.760373419819544
C6,C,74.79146859551342
C6,C,63.94901347321741
C6,C,81.6843294074697
