Talker,Noise,Rate
AS1,NC,6.788793103448276
AS1,NC,5.046632717285575
AS1,NC,5.056676713405844
AS1,NC,5.663365771524785
AS1,NC,5.982635434566338
AS1,NC,6.432717110920034
AS1,NC,5.349823141065751
AS1,NC,6.78070344032289
AS1,NC,6.1547765811448905
AS1,NC,7.171509106678231
AS1,NC,6.971670671556849
AS1,NC,6.047723532638508
AS1,NC,6.766109785202865
AS1,NC,6.95601882278714
AS1,NC,4.117866766267375
AS1,NC,5.281552129605435
AS1,NC,6.654126262423048
AS1,NC,6.598409712722297
AS1,NC,6.677304386312283
AS1,NC,4.977941660630803
AS1,NC,6.074858312342569
AS1,NC,6.661184210526316
AS1,NC,7.228718172877281
AS1,NC,6.443600233781415
AS1,NC,6.544691316146539
AS1,NC,6.323124569855471
AS1,NC,5.542138392271714
AS1,NC,5.330271348280656
AS1,NC,4.374710667283909
AS1,NC,4.9227740455846245
AS1,NC,5.777923354077956
AS1,NC,5.648535564853557
AS1,NC,6.381180126115698
AS1,NC,4.967614756406646
AS1,NC,6.212725992016906
AS1,NC,4.837176424706284
AS1,NC,7.217675941080196
AS1,NC,6.343176241644809
AS1,NC,4.439597315436242
AS1,NC,6.037079047209293
AS1,NC,6.9415030622173886
AS1,NC,4.618647396119708
AS1,NC,5.025172478090622
AS1,NC,5.833002664248059
AS1,NC,5.044323706033743
AS1,NC,7.291398758129111
AS1,NC,5.799579168858496
AS1,NC,3.443967200312378
AS1,NC,6.245098039215686
AS1,NC,5.3700264848245
AS1,NC,4.536103682369883
AS1,NC,5.885362218910563
AS1,NC,7.686944396025797
AS1,NC,7.26266183587119
AS1,NC,4.721829628677888
AS1,NC,7.050923335198657
AS1,NC,5.386720085992085
AS1,NC,4.453482180562951
AS1,NC,8.219178082191782
AS1,NC,6.817830456068023
AS1,NC,6.249374812443733
AS1,NC,6.368690880207957
AS1,NC,5.451623537168287
AS1,NC,4.9286133385487965
AS1,NC,4.3129584352078245
AS1,NC,5.780927744957529
AS1,NC,6.101835624019925
AS1,NC,6.276909938440736
AS1,NC,4.92643069164725
AS1,NC,5.038710090216904
AS1,NC,6.653877656593525
AS1,NC,4.4325276700406775
AS1,NC,5.22542804668523
AS1,NC,5.7699856077456495
AS1,NC,5.321373984393854
AS1,NC,5.495190151024274
AS1,NC,6.345932463545664
AS1,NC,6.107187370170337
AS1,NC,6.442876087298554
AS1,NC,5.401102265768524
AS1,NC,7.032531437944232
AS1,NC,5.946848678478071
AS1,NC,4.941582501643459
AS1,NC,6.796902092243671
AS1,NC,6.455493183640738
AS1,NC,5.510777881911903
AS1,NC,4.454738300359323
AS1,NC,7.545340481350519
AS1,NC,6.903088910532907
AS1,NC,5.48780487804878
AS1,NC,6.272044601206053
AS1,NC,7.636243427887794
AS1,NC,5.800850616038935
AS1,NC,6.585529754349286
AS1,NC,6.51595744680851
AS1,NC,5.408830744071954
AS1,NC,7.075320341412283
AS1,NC,8.459620180318435
AS1,NC,4.860575333406811
AS1,NC,6.2083528859690285
AS1,NC,5.5929865723933485
AS1,NC,6.790883892824145
AS1,NC,5.9523809523809526
AS1,NC,6.962205171923842
AS1,NC,6.317146540610228
AS1,NC,6.586947353623392
AS1,NC,2.233589951377634
AS1,NC,5.310160749764194
AS1,NC,5.729753139887397
AS1,NC,4.641872587840209
AS1,NC,5.138570199340312
AS1,NC,4.996600951733515
AS1,NC,6.511584203602781
AS1,NC,5.558933444062166
AS1,NC,6.588347141110961
AS1,NC,6.392012755036791
AS1,NC,6.271554022825043
AS1,NC,5.1543258936502445
AS1,NC,5.690322580645161
AS1,NC,6.543858905329207
AS1,NC,4.5747887047107385
AS1,NC,7.601154823975524
AS1,NC,4.374875995578357
AS1,NC,4.798694232861807
AS1,NC,4.890219560878244
AS1,NC,3.6804090860810574
AS1,NC,4.246049416890322
AS1,NC,6.530753282653767
AS1,NC,6.924629878869448
AS1,NC,5.914699570815451
AS1,NC,5.100265497405366
AS1,NC,5.0314269711867565
AS1,NC,6.531978552596498
AS1,NC,5.205792083103801
AS1,NC,3.830119854090672
AS1,NC,5.979985355137906
AS1,NC,7.275406180312202
AS1,NC,5.800723446234791
AS1,NC,6.3733849755759175
AS1,NC,5.679330328396651
AS1,NC,6.199261992619926
AS1,NC,4.616914728411649
AS1,NC,8.111587982832617
AS1,NC,5.00023870336333
AS1,NC,4.457057140121494
AS2,NC,6.282647924779181
AS2,NC,6.105521945980415
AS2,NC,5.9910338269256895
AS2,NC,3.924185798184731
AS2,NC,6.790313549832026
AS2,NC,6.053922465863748
AS2,NC,6.16395275700608
AS2,NC,4.4847457627118645
AS2,NC,5.410532276330691
AS2,NC,5.262529832935561
AS2,NC,4.255871960091457
AS2,NC,6.277877953876815
AS2,NC,6.34349827387802
AS2,NC,3.7904508143882416
AS2,NC,4.936628565031904
AS2,NC,5.470300538701446
AS2,NC,6.320419817873129
AS2,NC,5.466223449208406
AS2,NC,5.009371272789232
AS2,NC,5.717301922435826
AS2,NC,6.735039120321421
AS2,NC,7.605196596918832
AS2,NC,6.456619132675471
AS2,NC,5.306603773584905
AS2,NC,6.69495181935855
AS2,NC,5.359188917051491
AS2,NC,4.32541412380122
AS2,NC,4.7531385803959445
AS2,NC,5.138512627807393
AS2,NC,5.236285917834244
AS2,NC,3.8333159486805046
AS2,NC,5.8632821289042525
AS2,NC,4.267466615057093
AS2,NC,5.518708547115505
AS2,NC,6.089212522891777
AS2,NC,3.516621774879501
AS2,NC,6.179499754781756
AS2,NC,7.129988913525499
AS2,NC,4.610969980482667
AS2,NC,3.962026832774317
AS2,NC,5.2708255268564335
AS2,NC,4.0221388043509565
AS2,NC,4.614611891258397
AS2,NC,5.774065151356448
AS2,NC,5.811920206234611
AS2,NC,6.181015452538632
AS2,NC,5.780249410178631
AS2,NC,5.455541548358212
AS2,NC,5.387567564346287
AS2,NC,6.060070671378091
AS2,NC,4.659517143008083
AS2,NC,4.153780945354076
AS2,NC,6.1550271288752425
AS2,NC,5.111265646731571
AS2,NC,3.094954031861885
AS2,NC,5.803914549532001
AS2,NC,4.803170276701035
AS2,NC,4.773243857560342
AS2,NC,5.246646879813653
AS2,NC,3.697215726073336
AS2,NC,6.81370466221175
AS2,NC,4.564429877522857
AS2,NC,5.296802434207015
AS2,NC,5.632813373141953
AS2,NC,4.757692141716653
AS2,NC,5.210794971169298
AS2,NC,4.917484388938448
AS2,NC,6.452792918023191
AS2,NC,6.751148154448035
AS2,NC,5.153374233128834
AS2,NC,7.255676209279368
AS2,NC,6.347264451361028
AS2,NC,4.880118037624493
AS2,NC,7.419438333117639
AS2,NC,5.043192174387304
AS2,NC,6.415105318282323
AS2,NC,5.450500556173526
AS2,NC,6.124489625864512
AS2,NC,6.257804518106481
AS2,NC,4.763888888888888
AS2,NC,5.9655862777988204
AS2,NC,3.73728813559322
AS2,NC,3.91339071789866
AS2,NC,4.926713736705693
AS2,NC,5.1703923714241045
AS2,NC,5.633502948753433
AS2,NC,4.983613967679964
AS2,NC,5.581336483293959
AS2,NC,4.852125693160813
AS2,NC,5.205955959894857
AS2,NC,6.011860132233658
AS2,NC,5.449351631098447
AS2,NC,4.96498615207944
AS2,NC,4.348940870182636
AS2,NC,5.998612565801107
AS2,NC,5.009818400168779
AS2,NC,3.623069339467631
AS2,NC,5.112332197259512
AS2,NC,5.166786616901267
AS2,NC,4.592027989503936
AS2,NC,5.426223053450142
AS2,NC,4.888533070575194
AS2,NC,5.953023758099352
AS2,NC,6.156638280050259
AS2,NC,5.865921787709497
AS2,NC,5.9655862777988204
AS2,NC,6.079134131374397
AS2,NC,6.332071531131706
AS2,NC,5.439171904692296
AS2,NC,6.562499999999999
AS2,NC,5.13926115837315
AS2,NC,5.467517244488526
AS2,NC,6.5475306725694775
AS2,NC,5.663503152811845
AS2,NC,3.3798283261802573
AS2,NC,7.04312114989733
AS2,NC,4.945547885463653
AS2,NC,5.451258517591434
AS2,NC,3.089749877390878
AS2,NC,5.395815490028141
AS3,NC,4.353319776509842
AS3,NC,6.028982865475757
AS3,NC,5.407393783336398
AS3,NC,5.053604624512975
AS3,NC,6.115826260609087
AS3,NC,5.427914991384262
AS3,NC,6.407089931715822
AS3,NC,4.439299375880813
AS3,NC,5.41800364235539
AS3,NC,5.8714297726826805
AS3,NC,4.99796001631987
AS3,NC,5.790542551515258
AS3,NC,6.078473413379074
AS3,NC,4.816250750832742
AS3,NC,5.946281214605468
AS3,NC,6.1227323213624585
AS3,NC,4.95728417266187
AS3,NC,4.270950068484622
AS3,NC,5.261502418707565
AS3,NC,6.180303909988188
AS3,NC,4.7141024644328695
AS3,NC,4.44534045663021
AS3,NC,6.3902940246601325
AS3,NC,4.932003220900064
AS3,NC,5.022350027047803
AS3,NC,5.384368847580238
AS3,NC,5.722263338491556
AS3,NC,6.979320531757755
AS3,NC,5.351668284706965
AS3,NC,4.803350760456274
AS3,NC,4.974874371859296
AS3,NC,6.142672370908366
AS3,NC,7.767161287481837
AS3,NC,5.381548974943053
AS3,NC,6.9817145571123245
AS3,NC,5.647385633791718
AS3,NC,3.513624257324319
AS3,NC,5.280172413793104
AS3,NC,4.86540158870256
AS3,NC,5.010925618390001
AS3,NC,5.083475821790167
AS3,NC,4.8096265238360685
AS3,NC,6.061022539857064
AS3,NC,6.484957528155978
AS3,NC,4.975180505415162
AS3,NC,6.100875622538329
AS3,NC,5.190318605391783
AS3,NC,7.06858207609545
AS3,NC,5.218523193436416
AS3,NC,4.6686428117721785
AS3,NC,5.398457583547558
AS3,NC,6.113384569318296
AS3,NC,6.147565468485512
AS3,NC,5.13248244559103
AS3,NC,5.556684605004308
AS3,NC,7.017078604009759
AS3,NC,6.308471375847566
AS3,NC,5.827867079939451
AS3,NC,4.489137073553791
AS3,NC,5.035012939564622
AS3,NC,5.072852760736196
AS3,NC,5.3233866879119285
AS3,NC,5.058588924575583
AS3,NC,5.35184182520864
AS3,NC,5.132807331356743
AS3,NC,5.078421889034755
AS3,NC,4.607462686567164
AS3,NC,6.313093824228028
AS3,NC,5.61517753201397
AS3,NC,4.317227576304741
AS3,NC,4.967162834219966
AS3,NC,6.359131665880132
AS3,NC,5.736638667955103
AS3,NC,6.787121398670278
AS3,NC,7.270029673590504
AS3,NC,4.323847341716303
AS3,NC,4.246289218736113
AS3,NC,4.885279025868716
AS3,NC,6.341152787477918
AS3,NC,6.861386138613861
AS3,NC,5.071685961818599
AS3,NC,5.542870310241533
AS3,NC,6.109280214652356
AS3,NC,6.528895391367959
AS3,NC,4.959291080023391
AS3,NC,5.594458821738469
AS3,NC,6.271143310481095
AS3,NC,4.972700296735905
AS3,NC,5.16514406184118
AS3,NC,6.210174265094174
AS3,NC,4.087875417130144
AS3,NC,5.004384381286429
AS3,NC,6.667437434410629
AS3,NC,5.813953488372093
AS3,NC,6.51124333741824
AS3,NC,6.560847771852327
AS3,NC,7.244710211591536
AS3,NC,6.372316691134822
AS3,NC,5.923438549361988
AS3,NC,4.8981340441736485
AS3,NC,4.999149804455024
AS3,NC,7.692978630614915
AS3,NC,4.841542852960551
AS3,NC,4.54615741456626
AS3,NC,4.573920602151388
AS3,NC,4.162733622805361
AS3,NC,5.181631254283755
AS3,NC,5.986804593956179
AS3,NC,6.653590826795414
AS3,NC,4.607765286078489
AS3,NC,5.916719519929746
AS3,NC,6.382876073461774
AS3,NC,5.150164470482901
AS3,NC,5.958564780063053
AS3,NC,6.720512039012496
AS3,NC,5.215716421819165
AS3,NC,6.41025641025641
AS3,NC,5.249166798920806
AS3,NC,4.281054634411525
AS3,NC,6.628987162913748
AS3,NC,7.147322358824756
AS3,NC,4.581976864999653
AS3,NC,4.980237154150197
AS3,NC,5.894496094098078
AS3,NC,4.834466125849595
AS3,NC,5.465699944227551
AS3,NC,6.010442002851631
AS3,NC,6.061230800948356
AS3,NC,4.204738673743425
AS3,NC,5.94724349983817
AS3,NC,5.175145220911811
AS3,NC,6.535172863472682
AS3,NC,3.996898350486395
AS3,NC,4.427344774233172
AS3,NC,5.848289275926089
AS3,NC,5.445576728104609
AS3,NC,5.794245171462356
AS3,NC,6.693853595353262
AS3,NC,5.448031625761819
AS3,NC,5.438904819165664
AS3,NC,5.992763839581458
AS3,NC,7.286159365558912
AS3,NC,5.516714156647439
AS3,NC,5.13268156424581
AS3,NC,4.731928895883257
AS3,NC,5.034657098589252
AS3,NC,5.473161650636054
AS4,NC,6.603155589661045
AS4,NC,7.3758153537380835
AS4,NC,6.413146222642332
AS4,NC,5.669976857237318
AS4,NC,6.15480770397699
AS4,NC,5.661649067625253
AS4,NC,6.803257693068962
AS4,NC,6.76516553370598
AS4,NC,5.699583552726054
AS4,NC,5.523924480174907
AS4,NC,5.924401832682844
AS4,NC,5.967459080280593
AS4,NC,6.407960851957402
AS4,NC,6.594622616116201
AS4,NC,6.187932829402978
AS4,NC,6.768627946659926
AS4,NC,6.039772104744166
AS4,NC,6.099479607890596
AS4,NC,5.927335493272591
AS4,NC,6.283216922240925
AS4,NC,5.777322256985651
AS4,NC,6.3109389608655
AS4,NC,6.777121452240311
AS4,NC,6.2149397789143705
AS4,NC,2.7415825334460635
AS4,NC,6.998947526687717
AS4,NC,6.32239935772451
AS4,NC,7.171731251742403
AS4,NC,5.576787972460306
AS4,NC,6.286578653509571
AS4,NC,5.956832691131933
AS4,NC,6.292134831460674
AS4,NC,6.638011774150388
AS4,NC,5.5829851879984815
AS4,NC,6.158398723234472
AS4,NC,5.695862973413345
AS4,NC,5.732790921742854
AS4,NC,4.468343803375503
AS4,NC,7.38923940927685
AS4,NC,6.985190129770214
AS4,NC,5.849237344337189
AS4,NC,5.817851655259114
AS4,NC,6.183019479665963
AS4,NC,6.04526503871352
AS4,NC,6.12428370950766
AS4,NC,6.722809416460327
AS4,NC,6.910650179497408
AS4,NC,7.487728830302844
AS4,NC,5.947999060223981
AS4,NC,3.4598004142346075
AS4,NC,5.796807035992543
AS4,NC,6.054989187519308
AS4,NC,6.156233833419555
AS4,NC,5.380936112060129
AS4,NC,6.718890849764483
AS4,NC,5.72292764734068
AS4,NC,7.70675870505483
AS4,NC,7.037758130924644
AS4,NC,6.226614895870102
AS4,NC,5.32308682707009
AS4,NC,6.425293217746049
AS4,NC,6.728341978973065
AS4,NC,6.65911664779162
AS4,NC,5.1993067590987865
AS4,NC,6.378791854199044
AS4,NC,4.920926363627142
AS4,NC,6.995133409380843
AS4,NC,6.6770007209805335
AS4,NC,6.212487300110137
AS4,NC,5.419021872695994
AS4,NC,6.554247170458443
AS4,NC,6.762295081967213
AS4,NC,5.707342325501136
AS4,NC,6.564453706460256
AS4,NC,6.97211155378486
AS4,NC,6.987015998145142
AS4,NC,5.751002280280788
AS4,NC,6.971229845083782
AS4,NC,6.42774467355425
AS4,NC,5.69847758669298
AS4,NC,5.486951382624654
AS4,NC,6.879818705815701
AS4,NC,6.708876348331293
AS4,NC,6.163839397372331
AS4,NC,6.571409649326137
AS4,NC,6.343220577475095
AS4,NC,6.1749879980796925
AS4,NC,7.75607353906763
AS4,NC,6.7916159733879535
AS4,NC,6.310646532926297
AS4,NC,6.329141873019728
AS4,NC,5.712796208530806
AS4,NC,6.012269938650307
AS4,NC,6.159828420549883
AS4,NC,6.132571075401731
AS4,NC,6.011324315822585
AS4,NC,7.7284603619678816
AS4,NC,6.731258449506476
AS4,NC,5.7882697067426685
AS4,NC,6.696911600007593
AS4,NC,6.494230506263872
AS4,NC,6.370159824798471
AS4,NC,6.581434683116108
AS4,NC,5.658645399451211
AS4,NC,5.581250862902112
AS4,NC,7.437467719324134
AS4,NC,6.397884687383002
AS4,NC,5.869919391764543
AS4,NC,6.399924877499104
AS4,NC,6.538782318598833
AS4,NC,5.642659642859372
AS4,NC,5.443913848552773
AS4,NC,7.281032442695578
AS4,NC,6.7920949385558185
AS4,NC,7.404919822013265
AS4,NC,7.243325568894463
AS4,NC,7.601028850233348
AS4,NC,6.019975580345971
AS4,NC,5.796693237191223
AS4,NC,6.1992931159129245
AS4,NC,6.080883784309909
AS4,NC,6.33125080446341
AS4,NC,6.4038852496046985
AS4,NC,7.089667412608998
AS4,NC,7.306676574251659
AS4,NC,7.57607445362334
AS4,NC,5.744949494949495
AS4,NC,5.989894599587091
AS4,NC,6.735600934736457
AS4,NC,6.644273889075987
AS4,NC,6.792687331364593
AS4,NC,6.827229299363057
AS4,NC,5.593233915864518
AS4,NC,6.109776986632633
AS4,NC,5.308684436801376
AS4,NC,6.457329819140234
AS4,NC,6.010631048112307
AS4,NC,6.069364161849712
AS4,NC,6.033577247972036
AS4,NC,6.434266062216664
AS4,NC,7.093541202672606
AS4,NC,6.013909723169235
AS4,NC,6.411902973320086
AS4,NC,6.36953143676787
AS4,NC,7.04735524423374
AS4,NC,5.80043172481025
AS4,NC,6.920715065502184
AS4,NC,6.2477630637079455
AS4,NC,6.518089969489342
AS4,NC,7.041878685941792
AS4,NC,6.397148031579132
AS4,NC,6.093444661573993
AS4,NC,6.587989244099194
AS4,NC,6.34403750711105
AS4,NC,5.807705679699106
AS4,NC,6.586724134252245
AS4,NC,6.548273097140142
AS4,NC,7.191247757830914
AS4,NC,6.60377358490566
AS4,NC,6.9928278688524586
AS4,NC,6.338028169014085
AS4,NC,5.6748236000600505
AS4,NC,6.14524027551061
AS4,NC,6.406956954879416
AS5,NC,5.084997034987151
AS5,NC,4.135796680108788
AS5,NC,6.5249556125468535
AS5,NC,5.581738178731769
AS5,NC,5.974476386593329
AS5,NC,7.300317285142778
AS5,NC,5.767829450122382
AS5,NC,5.509548456184187
AS5,NC,6.035898639136556
AS5,NC,6.148055207026348
AS5,NC,3.82016632016632
AS5,NC,7.618084003751049
AS5,NC,6.723316161956574
AS5,NC,6.046447856901789
AS5,NC,4.803154180160033
AS5,NC,5.094731977818854
AS5,NC,6.03415248207542
AS5,NC,4.932665205136235
AS5,NC,5.452185201211597
AS5,NC,5.9388162767557215
AS5,NC,6.242513992029442
AS5,NC,5.881568418244865
AS5,NC,4.562006041295982
AS5,NC,6.158529773209697
AS5,NC,5.324504049335018
AS5,NC,6.578162291169451
AS5,NC,6.717294803725302
AS5,NC,5.434746076025947
AS5,NC,5.967523680649526
AS5,NC,6.022396212672979
AS5,NC,5.014402668283808
AS5,NC,6.928243195475432
AS5,NC,6.542194718772517
AS5,NC,6.214535342527526
AS5,NC,6.253988513082323
AS5,NC,6.200911957897275
AS5,NC,6.928733031674208
AS5,NC,5.204377212745413
AS5,NC,5.55619187245155
AS5,NC,5.813663044835769
AS5,NC,5.630805571220327
AS5,NC,5.4616948592777605
AS5,NC,6.458429222980041
AS5,NC,6.2454346238130025
AS5,NC,6.357764834784614
AS5,NC,6.118332586284177
AS5,NC,5.331882480957563
AS5,NC,6.377488887535773
AS5,NC,5.026816889240848
AS5,NC,4.890581103060772
AS5,NC,5.10529217199559
AS5,NC,3.3349718304533598
AS5,NC,4.628110212181347
AS5,NC,6.025729961531185
AS5,NC,5.545282404804876
AS5,NC,5.327281826496626
AS5,NC,6.938144059574691
AS5,NC,5.1649530290701975
AS5,NC,4.7175866495507055
AS5,NC,6.367574257425743
AS5,NC,6.670700347905006
AS5,NC,6.383049790683175
AS5,NC,5.595578801934273
AS5,NC,5.6040325313453065
AS5,NC,7.081430202683413
AS5,NC,6.999506207674944
AS5,NC,5.843794446849299
AS5,NC,6.392712597557723
AS5,NC,6.092078163460089
AS5,NC,6.01035798655279
AS5,NC,5.829257699643107
AS5,NC,6.8109064360327976
AS5,NC,6.74630767947042
AS5,NC,6.137636310050104
AS5,NC,5.689506880733945
AS5,NC,7.969330855018588
AS5,NC,4.83242860514515
AS5,NC,5.749524132356393
AS5,NC,4.87646910147858
AS5,NC,6.119333950046253
AS5,NC,4.658975659229209
AS5,NC,6.364669589219028
AS5,NC,4.602105012075494
AS5,NC,6.211434243708752
AS5,NC,6.025687739114593
AS5,NC,6.427028324531926
AS5,NC,5.991722581049727
AS5,NC,6.706431009428542
AS5,NC,4.976752584300095
AS5,NC,6.014319809069212
AS5,NC,4.823772484200291
AS5,NC,4.949587534372135
AS5,NC,6.38390272148234
AS5,NC,5.171443313476241
AS5,NC,7.431248314909679
AS5,NC,4.834466125849595
AS5,NC,5.985125402627484
AS5,NC,4.727467634204667
AS5,NC,5.528576518560551
AS5,NC,5.862705020190439
AS5,NC,5.581672874552489
AS5,NC,6.475770925110132
AS5,NC,5.229145669057924
AS5,NC,5.947905251622693
AS5,NC,6.543242441227868
AS5,NC,5.642438856355494
AS5,NC,5.687214577232935
AS5,NC,5.60840370332689
AS5,NC,5.4219830059288
AS5,NC,6.238370384879052
AS5,NC,5.919690112756002
AS5,NC,5.229497051243537
AS5,NC,6.607236497115889
AS5,NC,6.4116233086496335
AS5,NC,6.686739158688211
AS5,NC,4.219893784986365
AS6,NC,4.243730633768933
AS6,NC,6.5625
AS6,NC,5.954470578704329
AS6,NC,6.461260018960614
AS6,NC,6.520453425332676
AS6,NC,5.314577792553192
AS6,NC,5.378048780487806
AS6,NC,6.3023633862698505
AS6,NC,6.562304693312699
AS6,NC,5.082108902333622
AS6,NC,7.849369406021156
AS6,NC,6.428467306975916
AS6,NC,6.754446640316205
AS6,NC,4.911609258246765
AS6,NC,5.482074486599374
AS6,NC,6.069202493207607
AS6,NC,5.891282698987151
AS6,NC,6.161046399944117
AS6,NC,6.470386853817186
AS6,NC,5.25932207881695
AS6,NC,6.713928273561301
AS6,NC,7.944767072188546
AS6,NC,5.067531732843051
AS6,NC,5.620698445067551
AS6,NC,5.663885817670118
AS6,NC,5.556535544187687
AS6,NC,7.235438884331419
AS6,NC,6.8559670781893
AS6,NC,7.213740458015267
AS6,NC,8.345392613041833
AS6,NC,4.790354116880295
AS6,NC,5.681688043976179
AS6,NC,6.206508311310576
AS6,NC,6.607951518380394
AS6,NC,6.646905144694533
AS6,NC,7.310603967508427
AS6,NC,5.290560967416863
AS6,NC,6.505795574288725
AS6,NC,5.677136972193615
AS6,NC,6.25
AS6,NC,5.439296139456482
AS6,NC,6.663932302909938
AS6,NC,4.760020148233432
AS6,NC,7.124394184168013
AS6,NC,7.069006972830008
AS6,NC,5.999637210146023
AS6,NC,5.167565033981719
AS6,NC,6.7725752508361206
AS6,NC,7.399080567766182
AS6,NC,7.4076740335469
AS6,NC,6.57709203319052
AS6,NC,5.378755183607603
AS6,NC,5.619106945663562
AS6,NC,7.144142846857225
AS6,NC,4.3623497184599
AS6,NC,7.036757666308857
AS6,NC,5.985574126497848
AS6,NC,6.289039103277146
AS6,NC,4.688496704231342
AS6,NC,7.0052564695009245
AS6,NC,7.509081277433025
AS6,NC,6.706301504772111
AS6,NC,6.206023079088094
AS6,NC,6.4764841942945255
AS6,NC,5.555788854827195
AS6,NC,7.9504481302153085
AS6,NC,6.902043822500461
AS6,NC,6.175605657470943
AS6,NC,5.378437466122214
AS6,NC,6.041622557383582
AS6,NC,5.967369872546619
AS6,NC,8.113577824113822
AS6,NC,7.070707070707071
AS6,NC,8.459944751381215
AS6,NC,5.526008019603475
AS6,NC,5.878432418021861
AS6,NC,5.943716642406599
AS6,NC,5.712435233160622
AS6,NC,7.030751789130588
AS6,NC,6.87011008793187
AS6,NC,5.945319240724763
AS6,NC,6.151313954137143
AS6,NC,5.796408067127926
AS6,NC,6.976744186046512
AS6,NC,6.730377906976743
AS6,NC,4.874184872711196
AS6,NC,5.549073438572409
AS6,NC,5.478686233403214
AS6,NC,5.341408024224072
AS6,NC,5.560728627131467
AS6,NC,7.136692199805804
AS6,NC,6.3457645284217215
AS6,NC,5.759377951015652
AS6,NC,5.732790921742854
AS6,NC,5.841369079156512
AS6,NC,5.182419728087938
AS6,NC,6.521739130434782
AS6,NC,5.961538461538462
AS6,NC,6.594951347902377
AS6,NC,5.8191894700381015
AS6,NC,6.228373702422145
AS6,NC,6.121386681472742
AS6,NC,5.609259730348511
AS6,NC,4.350215608353767
AS6,NC,7.02701745688892
AS6,NC,4.8735369299071705
AS6,NC,5.703200775945684
AS6,NC,6.926774102346622
AS6,NC,6.06519048273965
AS6,NC,6.897091022833906
AS6,NC,5.894776239106026
AS6,NC,6.165950631720771
AS6,NC,5.540201005025126
AS6,NC,6.253921324268807
AS6,NC,5.3640422426375896
AS6,NC,6.161130083824899
AS6,NC,5.684747860162937
AS6,NC,6.647653272876369
AS6,NC,6.390146712552074
AS6,NC,4.19960003809161
AS6,NC,7.195183632180908
AS6,NC,5.400176332288401
AS6,NC,5.882091410279211
AS6,NC,4.230450763389612
AS6,NC,5.009339660743134
AS6,NC,6.824636784036704
AS6,NC,7.007266795195017
AS6,NC,6.5394229547091465
AS6,NC,6.580387163519886
AS1,SSN,5.877492269964815
AS1,SSN,6.049819494584837
AS1,SSN,6.1544730877870695
AS1,SSN,7.608905697879859
AS1,SSN,5.784365162644281
AS1,SSN,9.435980828483396
AS1,SSN,6.117636178673819
AS1,SSN,5.941083136245247
AS1,SSN,5.575221238938053
AS1,SSN,4.14774406793325
AS1,SSN,5.027932960893855
AS1,SSN,4.5757963545809845
AS1,SSN,6.509545365085613
AS1,SSN,7.386709708856133
AS1,SSN,7.162346521145976
AS1,SSN,4.875082909573292
AS1,SSN,6.386676321506156
AS1,SSN,8.591010519604717
AS1,SSN,6.652085375971039
AS1,SSN,5.898481909984619
AS1,SSN,7.309516523867809
AS1,SSN,5.081035409785698
AS1,SSN,5.237391464991687
AS1,SSN,6.733167082294265
AS1,SSN,6.526819236940909
AS1,SSN,4.500656072313749
AS1,SSN,7.732862620405873
AS1,SSN,6.590573686275242
AS1,SSN,5.670405028930638
AS1,SSN,5.703569580962235
AS1,SSN,4.934993590917415
AS1,SSN,7.251301726500412
AS1,SSN,4.063143023862904
AS1,SSN,7.550077041602465
AS1,SSN,5.30221882172915
AS1,SSN,5.81781403223324
AS1,SSN,6.122448979591836
AS1,SSN,6.102285935683844
AS1,SSN,5.485927538485462
AS1,SSN,4.640783430106595
AS1,SSN,5.271210346393823
AS1,SSN,6.745771600891569
AS1,SSN,7.76444903516597
AS1,SSN,6.725783258529783
AS1,SSN,5.782312925170068
AS1,SSN,5.177170361384492
AS1,SSN,8.371752454303845
AS1,SSN,6.0858765081618165
AS1,SSN,4.82271744149311
AS1,SSN,6.1726831609256685
AS1,SSN,3.806646525679758
AS1,SSN,5.879372866894198
AS1,SSN,5.001134044000907
AS1,SSN,5.933101256243378
AS1,SSN,5.313951450354921
AS1,SSN,6.121599111604664
AS1,SSN,6.028317769112336
AS1,SSN,7.06113537117904
AS1,SSN,6.203949566532436
AS1,SSN,5.431703411750216
AS1,SSN,3.7487249234954096
AS1,SSN,6.384518868835055
AS1,SSN,5.195570216776626
AS1,SSN,6.209922010398613
AS1,SSN,5.540996553704767
AS1,SSN,6.506005276312135
AS1,SSN,7.42132720031413
AS1,SSN,6.3726021458762325
AS1,SSN,5.747875501798655
AS1,SSN,5.238110321017373
AS1,SSN,6.610278372591007
AS1,SSN,6.111524936338282
AS1,SSN,7.586088261971038
AS1,SSN,5.27623337321416
AS1,SSN,6.320837927232635
AS1,SSN,5.573577115895016
AS1,SSN,4.682251650515424
AS1,SSN,6.560742658216549
AS1,SSN,4.981665247388818
AS1,SSN,6.6452161889060255
AS1,SSN,2.1159197773726133
AS1,SSN,5.523798679116374
AS1,SSN,5.455670103092784
AS1,SSN,5.720891900554004
AS1,SSN,6.451827419269033
AS1,SSN,6.526028478410996
AS1,SSN,5.099297545746249
AS1,SSN,4.937426915134476
AS1,SSN,5.901928944879642
AS1,SSN,6.580812678137078
AS1,SSN,5.966405794688202
AS1,SSN,5.590770791075051
AS1,SSN,5.760564300176344
AS1,SSN,5.903840269277846
AS1,SSN,6.134371957156768
AS1,SSN,4.833406400701446
AS1,SSN,6.688266924031436
AS1,SSN,8.08796558738204
AS1,SSN,5.588544118179514
AS1,SSN,5.19456877904611
AS1,SSN,6.428009212022272
AS1,SSN,4.443623417190072
AS1,SSN,7.577059207587369
AS1,SSN,7.7115877826999295
AS1,SSN,6.32416735381637
AS1,SSN,5.565170362358032
AS1,SSN,3.65332361322818
AS1,SSN,4.994337485843714
AS1,SSN,6.228703589272788
AS1,SSN,6.774887341253585
AS1,SSN,7.467404188067958
AS1,SSN,5.356252477082987
AS1,SSN,4.991172076599212
AS1,SSN,7.592829950452432
AS1,SSN,5.440472870046557
AS1,SSN,6.9469136080293445
AS1,SSN,6.8975225225225225
AS1,SSN,7.193487158194436
AS1,SSN,6.997630432023019
AS1,SSN,7.0035573624698255
AS1,SSN,3.920796606294613
AS1,SSN,6.136801541425819
AS1,SSN,5.278974824223179
AS1,SSN,5.526315789473685
AS1,SSN,6.188026192703461
AS1,SSN,4.504596527068437
AS1,SSN,5.006162428645563
AS1,SSN,6.673728813559322
AS1,SSN,6.478096232943789
AS1,SSN,6.675973894906816
AS1,SSN,5.920416711416603
AS1,SSN,4.251129227718409
AS1,SSN,4.888051429838173
AS1,SSN,4.981281869231266
AS1,SSN,6.762420772848089
AS1,SSN,6.314432989690721
AS1,SSN,6.594162446668528
AS1,SSN,4.7263081745840365
AS1,SSN,4.70550576184379
AS1,SSN,5.215385979954469
AS1,SSN,4.972599959407347
AS1,SSN,5.9025203854707184
AS1,SSN,6.429453535041679
AS1,SSN,5.46618923013359
AS1,SSN,6.74353171447795
AS1,SSN,7.176296815541758
AS1,SSN,5.699638118214716
AS1,SSN,6.478217073784942
AS1,SSN,7.360391140433554
AS1,SSN,5.486019406327152
AS1,SSN,5.951524094000791
AS1,SSN,6.8505793340399865
AS1,SSN,7.715442548653693
AS1,SSN,4.423269809428285
AS1,SSN,6.056444413925703
AS1,SSN,5.137465051258155
AS1,SSN,5.44780728844966
AS1,SSN,6.038614268108996
AS1,SSN,5.619170588335231
AS2,SSN,5.785232383808096
AS2,SSN,4.404860995505244
AS2,SSN,4.676192243458898
AS2,SSN,4.719071418679894
AS2,SSN,4.510432292376926
AS2,SSN,2.6065370293752586
AS2,SSN,4.672402102051196
AS2,SSN,6.153488372093023
AS2,SSN,5.929258454855725
AS2,SSN,6.34623686861419
AS2,SSN,5.06790639364814
AS2,SSN,5.790711517811289
AS2,SSN,6.96050191374344
AS2,SSN,4.395786955510516
AS2,SSN,5.445639646561659
AS2,SSN,6.402296026623188
AS2,SSN,5.696253273708778
AS2,SSN,5.348335803800027
AS2,SSN,5.648908296943231
AS2,SSN,5.66512513601741
AS2,SSN,5.228651976498073
AS2,SSN,5.0256410256410255
AS2,SSN,5.662678965052325
AS2,SSN,5.296468293251033
AS2,SSN,5.376409631209997
AS2,SSN,5.027932960893855
AS2,SSN,5.611162948511324
AS2,SSN,5.718805923697383
AS2,SSN,5.313618837785734
AS2,SSN,5.767910276951247
AS2,SSN,5.555275622291646
AS2,SSN,5.271412737164673
AS2,SSN,6.577565075288899
AS2,SSN,6.238731921725513
AS2,SSN,5.997202471150484
AS2,SSN,4.891521362970851
AS2,SSN,5.837304288631723
AS2,SSN,5.548327308657735
AS2,SSN,4.506174641637229
AS2,SSN,4.934652224509891
AS2,SSN,4.421768707482993
AS2,SSN,4.55249303189842
AS2,SSN,5.049746812896003
AS2,SSN,5.623956594323873
AS2,SSN,5.106185895271085
AS2,SSN,5.4334433985510815
AS2,SSN,4.397321057617204
AS2,SSN,5.371141326010895
AS2,SSN,5.65695437053326
AS2,SSN,6.311984043437309
AS2,SSN,5.503877258960961
AS2,SSN,3.215144960995407
AS2,SSN,4.463743471395604
AS2,SSN,4.770404024014279
AS2,SSN,6.117474535293884
AS2,SSN,4.485049833887043
AS2,SSN,5.8545744196631775
AS2,SSN,3.8377860934644503
AS2,SSN,5.184331797235023
AS2,SSN,6.062272321121726
AS2,SSN,4.058157725223152
AS2,SSN,5.378311137128641
AS2,SSN,5.242777806083456
AS2,SSN,6.412140134992424
AS2,SSN,5.633573259798955
AS2,SSN,6.005645380939411
AS2,SSN,4.959607130138141
AS2,SSN,5.632486790981568
AS2,SSN,6.290391599644498
AS2,SSN,5.77074064381052
AS2,SSN,4.004887432199262
AS2,SSN,4.268292682926829
AS2,SSN,5.78087063570769
AS2,SSN,5.975694989231054
AS2,SSN,4.377823000943069
AS2,SSN,5.641630657266318
AS2,SSN,5.406210048860791
AS2,SSN,4.07781744500193
AS2,SSN,4.090740435356201
AS2,SSN,5.116772471863553
AS2,SSN,4.479734534249823
AS2,SSN,6.217795893255403
AS2,SSN,2.9218843172331543
AS2,SSN,4.861647006945209
AS2,SSN,6.17064499746064
AS2,SSN,4.904359430604982
AS2,SSN,6.419070225725547
AS2,SSN,5.075142160844842
AS2,SSN,5.645594899761886
AS2,SSN,6.190644759649423
AS2,SSN,4.973540383447558
AS2,SSN,4.400807202732071
AS2,SSN,5.103221625624885
AS2,SSN,5.270496374790854
AS2,SSN,5.148479123771518
AS2,SSN,5.45648013725749
AS2,SSN,7.326102949901512
AS3,SSN,5.469654374069787
AS3,SSN,4.667078225593086
AS3,SSN,6.348901659208427
AS3,SSN,7.322608021844213
AS3,SSN,6.953955667687872
AS3,SSN,4.52270582926529
AS3,SSN,5.308562715672899
AS3,SSN,6.2135429875729145
AS3,SSN,4.2560720604793305
AS3,SSN,4.327942215592369
AS3,SSN,4.540670403843953
AS3,SSN,5.373945661848853
AS3,SSN,6.196641245045692
AS3,SSN,5.263024656979393
AS3,SSN,4.26713627743159
AS3,SSN,4.88592014410087
AS3,SSN,4.854475804676148
AS3,SSN,5.745628892305287
AS3,SSN,6.171380591793262
AS3,SSN,6.348266982293949
AS3,SSN,6.40996841924444
AS3,SSN,5.721625408687529
AS3,SSN,6.446635372845843
AS3,SSN,5.149038461538462
AS3,SSN,4.007109211444522
AS3,SSN,5.946456152394028
AS3,SSN,5.558245825842958
AS3,SSN,5.104092822731153
AS3,SSN,5.091412879443854
AS3,SSN,6.18455497382199
AS3,SSN,4.90059401139532
AS3,SSN,6.578162291169452
AS3,SSN,4.288353700042138
AS3,SSN,5.376081921248324
AS3,SSN,4.977089587612577
AS3,SSN,5.227195080286983
AS3,SSN,4.002696990521634
AS3,SSN,4.2505829003653455
AS3,SSN,4.117903386454183
AS3,SSN,4.555528426271998
AS3,SSN,5.193734542456719
AS3,SSN,4.62070410729254
AS3,SSN,5.289342634260548
AS3,SSN,6.254478681476173
AS3,SSN,5.389041948098116
AS3,SSN,5.79734640412406
AS3,SSN,5.531861515303563
AS3,SSN,6.513551436378406
AS3,SSN,5.361702127659575
AS3,SSN,5.3621584815729
AS3,SSN,5.417524031817204
AS3,SSN,6.297800767985782
AS3,SSN,5.58409608914294
AS3,SSN,4.965417403892553
AS3,SSN,4.694538446023174
AS3,SSN,3.8934667451442015
AS3,SSN,5.826895275994467
AS3,SSN,4.229953282628811
AS3,SSN,5.74945988229159
AS3,SSN,6.489493201483313
AS3,SSN,6.962791432029894
AS3,SSN,6.780923994038749
AS3,SSN,6.222159514643339
AS3,SSN,5.6290207290922085
AS3,SSN,7.7490774907749085
AS3,SSN,4.45960930907265
AS3,SSN,6.206554728803603
AS3,SSN,4.799564665336477
AS3,SSN,5.149336283185841
AS3,SSN,4.025756979944947
AS3,SSN,7.458395345690705
AS3,SSN,4.825684459326373
AS3,SSN,5.693383539537386
AS3,SSN,4.985043998469618
AS3,SSN,4.305799648506151
AS3,SSN,6.5736797274275975
AS3,SSN,5.529433891292082
AS3,SSN,6.045328540530661
AS3,SSN,6.010248768875725
AS3,SSN,5.595381589798896
AS3,SSN,6.352636127917027
AS3,SSN,5.839126117179742
AS3,SSN,4.942804352846876
AS3,SSN,5.425021527863206
AS3,SSN,4.763006850583225
AS3,SSN,6.180405147152504
AS3,SSN,6.075023842322772
AS3,SSN,4.860192707349329
AS3,SSN,5.207289961644639
AS4,SSN,5.961674946770759
AS4,SSN,7.739266687558759
AS4,SSN,6.5250251931474645
AS4,SSN,6.532020017139411
AS4,SSN,6.018658426024312
AS4,SSN,6.8726053639846745
AS4,SSN,6.13826167646149
AS4,SSN,6.863355418204455
AS4,SSN,6.669355245248777
AS4,SSN,5.817046628707103
AS4,SSN,7.143055478425056
AS4,SSN,6.846890487014196
AS4,SSN,5.629924131893785
AS4,SSN,5.494551132965646
AS4,SSN,5.987292277614858
AS4,SSN,5.795949531868022
AS4,SSN,6.299770221146948
AS4,SSN,5.976419569047296
AS4,SSN,6.253988513082323
AS4,SSN,6.456382815187872
AS4,SSN,5.720876716037406
AS4,SSN,5.64096004465324
AS4,SSN,6.322745460943914
AS4,SSN,6.313528990694345
AS4,SSN,6.891582164189471
AS4,SSN,6.513424853469318
AS4,SSN,6.460456647761757
AS4,SSN,8.250841922645167
AS4,SSN,6.337651268124919
AS4,SSN,6.34781009348186
AS4,SSN,6.565626488804192
AS4,SSN,6.146837448831374
AS4,SSN,6.06042097708828
AS4,SSN,6.231380629967618
AS4,SSN,7.063256566746468
AS4,SSN,5.88200423848126
AS4,SSN,6.259610607745263
AS4,SSN,7.742534193893589
AS4,SSN,5.928557710773958
AS4,SSN,5.109439718845644
AS4,SSN,6.583317783168502
AS4,SSN,5.897188705062819
AS4,SSN,5.865327371527734
AS4,SSN,4.651898734177215
AS4,SSN,6.7273466897182965
AS4,SSN,6.176511781457793
AS4,SSN,6.700091157702826
AS4,SSN,7.145750627886251
AS4,SSN,6.779772689836929
AS4,SSN,6.640625
AS4,SSN,5.776598880047156
AS4,SSN,6.1053948986033735
AS4,SSN,6.8856042469033
AS4,SSN,6.218741774151092
AS4,SSN,6.625186223819122
AS4,SSN,6.061367255630545
AS4,SSN,6.692465285681767
AS4,SSN,6.146730866700456
AS4,SSN,7.519909302068355
AS4,SSN,5.923880597014925
AS4,SSN,6.654049766343054
AS4,SSN,5.4486299489319645
AS4,SSN,6.518110208836878
AS4,SSN,5.204017412283002
AS4,SSN,5.566451763243747
AS4,SSN,7.056410554795915
AS4,SSN,4.923837626604993
AS4,SSN,6.143297165941771
AS4,SSN,6.142527920581457
AS4,SSN,7.09079215349984
AS4,SSN,6.038200862600124
AS4,SSN,6.223115401833505
AS4,SSN,7.505786774383878
AS4,SSN,4.306304194984767
AS4,SSN,6.872197534836024
AS4,SSN,6.894664842681258
AS4,SSN,6.316995726597751
AS4,SSN,6.999238178157479
AS4,SSN,7.850816680760159
AS4,SSN,7.395892460911296
AS4,SSN,6.909286241858591
AS4,SSN,3.942851012087833
AS4,SSN,6.747457786705166
AS4,SSN,6.4549180327868845
AS4,SSN,6.113173919500965
AS4,SSN,8.485407003828003
AS4,SSN,6.818407712950999
AS4,SSN,6.151709414668761
AS4,SSN,6.020888797870161
AS4,SSN,6.8487832150455805
AS4,SSN,7.07716996929947
AS4,SSN,5.7840279801807055
AS4,SSN,7.325581395348838
AS4,SSN,6.060097108132043
AS4,SSN,6.263314870046869
AS4,SSN,6.810585419125678
AS4,SSN,7.050667131769425
AS4,SSN,6.760623837458864
AS4,SSN,6.107791539709548
AS4,SSN,6.703033168952239
AS4,SSN,6.866885960643868
AS4,SSN,6.769885304502291
AS4,SSN,5.918845161578955
AS4,SSN,5.569967064035676
AS4,SSN,6.389561245014148
AS4,SSN,6.576004294533417
AS4,SSN,6.186447883013093
AS4,SSN,6.473055147829734
AS4,SSN,5.065763023376026
AS4,SSN,4.763036246597832
AS4,SSN,7.405985725424339
AS4,SSN,6.63623595505618
AS4,SSN,6.8696344502907785
AS4,SSN,7.87459823478394
AS4,SSN,6.721741251066943
AS4,SSN,6.637984019668101
AS4,SSN,6.289666975682807
AS4,SSN,6.5215783895694175
AS4,SSN,6.387346172287038
AS4,SSN,6.9597878921785234
AS4,SSN,5.71770197072721
AS4,SSN,7.449976849824183
AS4,SSN,7.17339777850072
AS4,SSN,6.207620472478946
AS4,SSN,6.5912327899984176
AS4,SSN,6.540358162470802
AS4,SSN,7.565403859899929
AS4,SSN,6.546367879154939
AS4,SSN,7.222677165354331
AS4,SSN,7.70979020979021
AS4,SSN,6.32469643369347
AS4,SSN,6.076333073072154
AS4,SSN,5.138812013866636
AS4,SSN,6.672286344183634
AS4,SSN,5.653235817995358
AS4,SSN,7.037778551532034
AS4,SSN,6.426697755756339
AS4,SSN,6.932950040986828
AS4,SSN,5.739945333853964
AS4,SSN,6.926896171262633
AS4,SSN,6.837402040931386
AS4,SSN,6.98813608366748
AS4,SSN,6.619412941961308
AS4,SSN,5.513533787585173
AS4,SSN,6.694395530997632
AS4,SSN,7.373896888063167
AS4,SSN,8.330971946727118
AS4,SSN,6.3413698892776695
AS4,SSN,5.022016398420893
AS4,SSN,5.975514498413863
AS4,SSN,6.692484093617213
AS4,SSN,5.981398953691144
AS4,SSN,6.41335140512021
AS4,SSN,6.708434450993017
AS4,SSN,6.612266082292898
AS4,SSN,6.464169381107491
AS4,SSN,6.309859154929578
AS4,SSN,6.895633652822151
AS4,SSN,7.299022698612863
AS4,SSN,7.141981739077149
AS4,SSN,6.599196660628495
AS4,SSN,6.788947932583757
AS4,SSN,6.646327554744525
AS4,SSN,6.291487986841332
AS4,SSN,6.529903485038162
AS5,SSN,6.12482986583706
AS5,SSN,6.705427479147359
AS5,SSN,6.637567730282962
AS5,SSN,5.242147180315202
AS5,SSN,6.2482289600453385
AS5,SSN,6.559961919495433
AS5,SSN,1.7719192979824496
AS5,SSN,5.747650761791808
AS5,SSN,6.449018389207765
AS5,SSN,5.003655984468369
AS5,SSN,6.118390627408664
AS5,SSN,6.0517693877901095
AS5,SSN,5.685377592726995
AS5,SSN,5.657593705232099
AS5,SSN,6.514557370004297
AS5,SSN,4.949494949494949
AS5,SSN,5.5473442561086825
AS5,SSN,6.518847006651884
AS5,SSN,6.218543908365151
AS5,SSN,5.716384376080193
AS5,SSN,5.884118883218252
AS5,SSN,6.994892618088381
AS5,SSN,5.339906590555268
AS5,SSN,4.895027273880503
AS5,SSN,5.752486548181966
AS5,SSN,5.200025726781579
AS5,SSN,4.9301653077347325
AS5,SSN,5.099028756427347
AS5,SSN,6.451518520685821
AS5,SSN,6.310560529866307
AS5,SSN,6.364401683704149
AS5,SSN,6.256840569135352
AS5,SSN,5.037006578947368
AS5,SSN,4.964725307715401
AS5,SSN,5.606203690251345
AS5,SSN,5.618243366214101
AS5,SSN,6.39173188842063
AS5,SSN,5.670221692878218
AS5,SSN,5.465979759223133
AS5,SSN,6.025248661055853
AS5,SSN,6.638067283811244
AS5,SSN,3.986404642669897
AS5,SSN,6.22998681484272
AS5,SSN,4.213107445385644
AS5,SSN,5.453611483690533
AS5,SSN,6.568063606993103
AS5,SSN,4.301110226109007
AS5,SSN,5.881306957101579
AS5,SSN,4.414414414414415
AS5,SSN,5.86654605438195
AS5,SSN,6.289429530201343
AS5,SSN,6.706018966518289
AS5,SSN,5.220355836499876
AS5,SSN,5.45830681094844
AS5,SSN,4.94917754192452
AS5,SSN,5.537120410396226
AS5,SSN,5.3110134280725
AS5,SSN,7.755147717099374
AS5,SSN,5.10180472003702
AS5,SSN,6.544726004526398
AS5,SSN,3.862052054506604
AS5,SSN,6.057900339984203
AS5,SSN,5.3476484525119865
AS5,SSN,3.7810803086596168
AS5,SSN,6.481084589666025
AS5,SSN,5.018369801996294
AS5,SSN,5.843123398993022
AS5,SSN,3.900445765230312
AS5,SSN,5.201440188714383
AS5,SSN,5.483255968169761
AS5,SSN,6.7091193601669135
AS5,SSN,6.041095890410959
AS5,SSN,6.462620637678732
AS5,SSN,6.190412020348347
AS5,SSN,4.6403238385263865
AS5,SSN,4.990820612126852
AS5,SSN,6.338308457711443
AS5,SSN,5.184494325663051
AS5,SSN,5.65496153087394
AS5,SSN,5.080645161290322
AS5,SSN,5.928481806775408
AS5,SSN,6.916252184433391
AS5,SSN,4.396480821473968
AS5,SSN,5.379122219511654
AS5,SSN,5.194346289752651
AS5,SSN,6.414452153423223
AS5,SSN,6.175951600705822
AS5,SSN,5.333632813849822
AS5,SSN,5.096302003081664
AS5,SSN,6.130676552363299
AS5,SSN,7.209023539668701
AS5,SSN,4.402735486447362
AS5,SSN,5.789572393098275
AS5,SSN,5.457920792079208
AS5,SSN,5.563498738435659
AS6,SSN,3.844525256550762
AS6,SSN,6.32757012698185
AS6,SSN,4.355928408686834
AS6,SSN,6.355199446622089
AS6,SSN,5.910375749305522
AS6,SSN,6.3344418134967615
AS6,SSN,6.645998837434605
AS6,SSN,5.923578957348967
AS6,SSN,7.26883138289105
AS6,SSN,5.1229428848015495
AS6,SSN,5.654227680680208
AS6,SSN,5.555301069604452
AS6,SSN,5.065472088215024
AS6,SSN,6.74554615799892
AS6,SSN,6.9658088503317055
AS6,SSN,5.026328386787937
AS6,SSN,5.966902581182349
AS6,SSN,5.258137593895314
AS6,SSN,6.161971830985916
AS6,SSN,6.271840715156441
AS6,SSN,7.092520030411135
AS6,SSN,5.378985886042865
AS6,SSN,5.504548984799734
AS6,SSN,5.58912991275114
AS6,SSN,4.354360943499726
AS6,SSN,5.487122060470325
AS6,SSN,4.312642104491113
AS6,SSN,6.449544380695242
AS6,SSN,5.152760948589233
AS6,SSN,5.154639175257732
AS6,SSN,6.548856548856548
AS6,SSN,4.676716753952327
AS6,SSN,6.475943824424627
AS6,SSN,5.885169717712815
AS6,SSN,5.5557709080337245
AS6,SSN,5.915833045877889
AS6,SSN,5.257824143070045
AS6,SSN,7.24899730422776
AS6,SSN,8.37316833452466
AS6,SSN,6.0716252551103045
AS6,SSN,5.855018587360594
AS6,SSN,7.182770371855267
AS6,SSN,5.424275750296646
AS6,SSN,6.126489077206266
AS6,SSN,5.130293159609121
AS6,SSN,8.23872618055356
AS6,SSN,6.618716663972847
AS6,SSN,6.76533281658754
AS6,SSN,6.412034448048316
AS6,SSN,6.366024771198429
AS6,SSN,6.122392314384613
AS6,SSN,6.253692893101085
AS6,SSN,7.255013069625459
AS6,SSN,5.687269800984246
AS6,SSN,7.522869266690833
AS6,SSN,5.287030191619878
AS6,SSN,6.562011755077747
AS6,SSN,5.55485577528656
AS6,SSN,4.97122168585221
AS6,SSN,7.236842105263157
AS6,SSN,5.464074638516151
AS6,SSN,6.417704940054405
AS6,SSN,5.553806435363012
AS6,SSN,7.683819258915089
AS6,SSN,6.281400528305796
AS6,SSN,6.559376487386958
AS6,SSN,5.408503876547687
AS6,SSN,6.503465565550804
AS6,SSN,5.194281888514184
AS6,SSN,8.065559932470457
AS6,SSN,6.3297649662101545
AS6,SSN,6.8507810477259
AS6,SSN,6.23497808567793
AS6,SSN,5.056952832352266
AS6,SSN,5.54958129318629
AS6,SSN,8.094713656387665
AS6,SSN,6.350513801207318
AS6,SSN,5.896629686955535
AS6,SSN,5.163998077136413
AS6,SSN,7.011128775834658
AS6,SSN,7.469006164893978
AS6,SSN,4.491749847219393
AS6,SSN,4.54732934625696
AS6,SSN,6.5784530386740325
AS6,SSN,7.221931088693829
AS6,SSN,6.90573128719073
AS6,SSN,6.587885649589584
AS6,SSN,5.714550166604961
AS6,SSN,7.245543415756182
AS6,SSN,6.619412941961308
AS6,SSN,7.007280291211648
AS6,SSN,5.917080370320677
AS6,SSN,5.337814875679098
AS6,SSN,5.822617680826636
AS6,SSN,5.184575593698566
AS6,SSN,6.950419046206334
AS6,SSN,5.423613009018857
AS6,SSN,5.995031946315359
AS6,SSN,4.696485623003195
AS6,SSN,5.344105023983842
AS6,SSN,8.87247434828845
AS6,SSN,4.811538965100886
AS6,SSN,6.756135674234764
AS6,SSN,6.047271186018101
AS6,SSN,6.381082933516107
AS6,SSN,5.847136096605745
AS6,SSN,6.429764334755984
AS6,SSN,5.880784104547273
AS6,SSN,5.928578412201799
AS6,SSN,6.680105334296568
AS6,SSN,5.959638427580408
AS6,SSN,5.72289156626506
AS6,SSN,6.495908346972176
AS6,SSN,7.1449144914491445
AS6,SSN,5.799121584304237
AS6,SSN,7.443152177248597
AS6,SSN,5.9109621828626135
AS6,SSN,5.667964159811985
AS6,SSN,3.666749812920928
AS6,SSN,6.452840127593573
AS6,SSN,5.685292275958599
AS6,SSN,4.276689479371588
AS6,SSN,6.577881951843171
AS6,SSN,7.311380911085037
AS6,SSN,6.666370264983105
AS6,SSN,6.485839146146736
AS6,SSN,7.203943575354575
AS6,SSN,7.042928325028746
AS6,SSN,6.667308062343659
AS6,SSN,4.573233964299048
AS6,SSN,5.333043099695255
AS6,SSN,4.822224012707329
AS6,SSN,6.499056826220231
AS6,SSN,5.268097887299907
AS6,SSN,4.878912257022425
AS6,SSN,6.7931503684115935
AS6,SSN,6.721650182902046
AS6,SSN,5.721328489880643
AS6,SSN,6.082385754130015
AS6,SSN,4.213863794301598
AS6,SSN,2.988074803505285
AS6,SSN,5.383854220211782
AS6,SSN,5.813340363828105
AS6,SSN,5.929544639655791
AS6,SSN,4.36012022463023
AS6,SSN,6.111804059417167
AS6,SSN,6.311495939031808
AS6,SSN,6.20777027027027
AS6,SSN,6.266281437976602
AS6,SSN,6.885815055659649
AS6,SSN,5.7791173565049085
AS6,SSN,5.747961121662383
AS6,SSN,5.508850386618865
AS6,SSN,6.805765610049693
AS6,SSN,8.366609449814797
AS6,SSN,4.51832688711867
AS6,SSN,6.693271909149346
AS6,SSN,5.226191792943258
AS6,SSN,4.8581122763726095
AS6,SSN,7.911327524346489
AS6,SSN,4.97385419870809
AS6,SSN,7.298182901400059
AS6,SSN,5.6731723453523
AS6,SSN,5.085038916114153
AS6,SSN,5.8049229959194415
AS6,SSN,5.34631859694496
AS6,SSN,6.582744551696687
AS6,SSN,5.911528150134048
AS6,SSN,6.693510946037642
AS6,SSN,6.547519625856021
AS6,SSN,6.579928978544359
AS6,SSN,6.4578396655928
AS6,SSN,5.4286945282205945
AS6,SSN,6.0444078947368425
AS6,SSN,6.423421455101595
AS6,SSN,5.42533298340004
AS6,SSN,5.68344039971449
AS6,SSN,6.131038143626299
AS6,SSN,6.703504375333798
AS6,SSN,6.533978664559463
AS6,SSN,7.385042751881476
AS6,SSN,5.237529691211401
AS6,SSN,5.1839371277596165
AS6,SSN,6.807495012824167
AS6,SSN,6.762470152686806
AS6,SSN,6.748747913188647
AS6,SSN,5.26321499869803
AS6,SSN,4.528418134209581
AS6,SSN,5.821551621717951
AS6,SSN,6.733906614160572
AS6,SSN,5.445885154802858
AS6,SSN,4.549894076540017
AS6,SSN,6.097476667818873
AS6,SSN,5.630386211299075
AS6,SSN,6.996365524402908
AS6,SSN,5.89582045154498
AS6,SSN,6.722304790213788
AS6,SSN,6.060113931641015
AS6,SSN,5.675675675675675
AS6,SSN,7.143187708256201
AS6,SSN,6.05028810895757
AS6,SSN,6.424662393270668
AS6,SSN,7.230229673666653
AS6,SSN,6.722151088348271
AS6,SSN,6.0694437162481
AS1,Babble,6.992674341166397
AS1,Babble,5.869044450359329
AS1,Babble,4.71412864211105
AS1,Babble,6.896012509773261
AS1,Babble,4.795563288386255
AS1,Babble,7.838606469960895
AS1,Babble,6.9637992973037
AS1,Babble,5.857157087359298
AS1,Babble,5.55835644063524
AS1,Babble,5.434667793387557
AS1,Babble,3.895759717314488
AS1,Babble,6.646662282144032
AS1,Babble,6.4550755043790105
AS1,Babble,5.496148956853362
AS1,Babble,4.547926198154954
AS1,Babble,7.293734051601928
AS1,Babble,3.9428980151397743
AS1,Babble,3.2644903397734844
AS1,Babble,3.859280651089525
AS1,Babble,5.735093309057807
AS1,Babble,6.622814921607497
AS1,Babble,7.124217118997912
AS1,Babble,5.630745658835547
AS1,Babble,6.625932789102018
AS1,Babble,7.081412153327369
AS1,Babble,6.0607448806633375
AS1,Babble,5.3007993268826255
AS1,Babble,4.641453831041257
AS1,Babble,6.783919597989949
AS1,Babble,5.393226716839135
AS1,Babble,5.824088748019018
AS1,Babble,3.5090511239307736
AS1,Babble,6.916562107904642
AS1,Babble,5.405736700171611
AS1,Babble,3.8251366120218577
AS1,Babble,5.057855031093894
AS1,Babble,5.679476612404698
AS1,Babble,7.132459970887918
AS1,Babble,6.293207331768884
AS1,Babble,6.692769987251866
AS1,Babble,6.371113765073006
AS1,Babble,5.77074064381052
AS1,Babble,5.904800160674834
AS1,Babble,7.1556060360214175
AS1,Babble,4.388059701492537
AS1,Babble,6.219893243067309
AS1,Babble,4.558924879393522
AS1,Babble,5.424947377053662
AS1,Babble,7.0825303253599365
AS1,Babble,6.371254024601668
AS1,Babble,5.7507451564828616
AS1,Babble,5.681734521092542
AS1,Babble,6.166372671341909
AS1,Babble,4.499361226445225
AS1,Babble,6.231262593994201
AS1,Babble,7.150501021500146
AS1,Babble,5.814566742260429
AS1,Babble,5.0244958414036685
AS1,Babble,5.6643033292231815
AS1,Babble,6.478434598660242
AS1,Babble,6.665659008464329
AS1,Babble,5.93992726619674
AS1,Babble,4.47261663286004
AS1,Babble,5.9066643705872215
AS1,Babble,7.739557739557739
AS1,Babble,6.13220665311798
AS1,Babble,4.827374827593757
AS1,Babble,5.398788027177572
AS1,Babble,1.4135521507788962
AS1,Babble,5.650706872250459
AS1,Babble,5.588341781317886
AS1,Babble,5.108186999027012
AS1,Babble,5.361122742560751
AS1,Babble,5.103221625624885
AS1,Babble,5.554435991737619
AS1,Babble,6.023602688083921
AS1,Babble,6.285908512784527
AS1,Babble,8.045767306088408
AS1,Babble,6.809759110562076
AS1,Babble,5.764404475582976
AS1,Babble,4.677201860577871
AS1,Babble,6.170824082538853
AS1,Babble,5.572915469981389
AS1,Babble,6.037551339722277
AS1,Babble,5.07616160841039
AS1,Babble,6.302801244997777
AS1,Babble,3.693158026965916
AS1,Babble,6.399961300309597
AS1,Babble,5.296183985348425
AS1,Babble,5.643025636460743
AS1,Babble,5.100388601036269
AS1,Babble,7.461928934010152
AS1,Babble,3.723404255319149
AS1,Babble,5.978260869565217
AS1,Babble,5.086896339587819
AS1,Babble,6.1835914373851
AS1,Babble,5.11144793152639
AS1,Babble,5.633742840717951
AS1,Babble,2.6478534974482137
AS1,Babble,4.460051691201258
AS1,Babble,7.344124700239809
AS1,Babble,7.859094689319235
AS1,Babble,5.587229190421892
AS1,Babble,7.856481151571296
AS1,Babble,6.616744414436534
AS1,Babble,5.5755031860018205
AS1,Babble,5.839512711864407
AS1,Babble,5.7023895727733525
AS1,Babble,5.583370739960636
AS1,Babble,5.564668769716088
AS1,Babble,5.443940375891121
AS1,Babble,5.933799784714747
AS1,Babble,5.369699552525038
AS1,Babble,3.44423617619494
AS1,Babble,5.937261589552573
AS1,Babble,4.709293729156056
AS1,Babble,6.314131627929175
AS1,Babble,7.8963860455400035
AS1,Babble,5.961070559610705
AS1,Babble,4.988574919119477
AS1,Babble,5.73546625048771
AS1,Babble,4.761801926316243
AS1,Babble,5.639746786878956
AS1,Babble,6.122024016103283
AS1,Babble,5.252501191043353
AS1,Babble,5.896510228640193
AS1,Babble,5.550470262477402
AS1,Babble,5.592188688815623
AS1,Babble,5.886104107963814
AS1,Babble,5.162121034765305
AS1,Babble,7.050547576540809
AS1,Babble,6.177162707306141
AS1,Babble,6.318843694589221
AS1,Babble,6.059773273789077
AS2,Babble,4.194567036980673
AS2,Babble,6.7801136087779765
AS2,Babble,5.263671874999999
AS2,Babble,5.74398249452954
AS2,Babble,4.8967355096602265
AS2,Babble,5.45196052170688
AS2,Babble,5.253474520185308
AS2,Babble,3.749787427016609
AS2,Babble,4.677745226790584
AS2,Babble,6.642033074613677
AS2,Babble,6.600732263338476
AS2,Babble,5.315046039627826
AS2,Babble,3.798994974874372
AS2,Babble,6.85518060030524
AS2,Babble,5.545774647887324
AS2,Babble,5.636887313381962
AS2,Babble,5.943396226415094
AS2,Babble,4.364484659974552
AS2,Babble,6.142614851412138
AS2,Babble,5.337044656904272
AS2,Babble,5.618063411502125
AS2,Babble,4.111376984990211
AS2,Babble,3.734545249251962
AS2,Babble,4.615626144748548
AS2,Babble,5.663139510992398
AS2,Babble,5.223571217056559
AS2,Babble,4.104616530156366
AS2,Babble,5.223703803979965
AS2,Babble,5.095637643545348
AS2,Babble,4.826769616525044
AS2,Babble,4.396152120819419
AS2,Babble,4.115187936247247
AS2,Babble,5.617357336956522
AS2,Babble,4.723425524825058
AS2,Babble,5.019253751161864
AS2,Babble,6.671709531013616
AS2,Babble,4.756597396994319
AS2,Babble,5.098548821206264
AS2,Babble,4.649134576680531
AS2,Babble,6.141034924525148
AS2,Babble,5.385178982625079
AS2,Babble,6.606034667237321
AS2,Babble,5.467297168056958
AS2,Babble,5.3560584591716935
AS2,Babble,4.679740226664968
AS2,Babble,4.5460793072641055
AS2,Babble,4.5745162385424925
AS2,Babble,5.657069555302167
AS2,Babble,4.943640411912051
AS2,Babble,4.964315464799514
AS2,Babble,5.140716069941716
AS2,Babble,4.4590495449949445
AS2,Babble,3.7722399635036497
AS2,Babble,6.757880910683013
AS2,Babble,4.310850439882698
AS2,Babble,4.237776752767528
AS2,Babble,4.251968503937007
AS2,Babble,4.675270799723439
AS2,Babble,3.45043423832251
AS2,Babble,5.326730281434956
AS2,Babble,5.620125401437528
AS2,Babble,4.858517917198191
AS2,Babble,6.366024771198429
AS2,Babble,5.178913250267166
AS2,Babble,6.033716100659663
AS2,Babble,5.373952779893374
AS2,Babble,5.786136015744589
AS3,Babble,5.183024552855952
AS3,Babble,4.9534483188977365
AS3,Babble,5.351712519452336
AS3,Babble,5.047581673697636
AS3,Babble,4.055628218752554
AS3,Babble,5.855018587360595
AS3,Babble,4.762076164423008
AS3,Babble,6.6786559394226215
AS3,Babble,5.100287479760764
AS3,Babble,5.904344064759316
AS3,Babble,5.603857626302484
AS3,Babble,5.326162633740178
AS3,Babble,5.565371024734983
AS3,Babble,5.638562139256229
AS3,Babble,4.102039392600516
AS3,Babble,5.327116350985698
AS3,Babble,5.064625921363096
AS3,Babble,5.311694840696286
AS3,Babble,5.785688335105023
AS3,Babble,4.444444444444444
AS3,Babble,5.733527484528577
AS3,Babble,5.051083520410501
AS3,Babble,6.905298759864713
AS3,Babble,6.53946913153082
AS3,Babble,5.747818423306563
AS3,Babble,4.109684784381334
AS3,Babble,5.747368421052632
AS3,Babble,6.220838125827383
AS3,Babble,5.993340732519423
AS3,Babble,5.820725610862715
AS3,Babble,6.72543158665284
AS3,Babble,5.499310248076879
AS3,Babble,6.087516679703676
AS3,Babble,5.49955313532725
AS3,Babble,5.697441964832116
AS3,Babble,5.237529691211402
AS3,Babble,4.666419766149939
AS3,Babble,5.089751249185314
AS3,Babble,4.357276948918091
AS3,Babble,4.712657326050819
AS3,Babble,6.361275964391691
AS3,Babble,7.2021837525080485
AS3,Babble,5.925371415409421
AS3,Babble,4.373721134171294
AS3,Babble,4.58172297718489
AS3,Babble,3.849931251227657
AS3,Babble,5.057803468208093
AS3,Babble,6.418279726386261
AS3,Babble,3.9371484688867056
AS3,Babble,6.009648142596277
AS3,Babble,5.333448514167242
AS3,Babble,4.693830034924331
AS3,Babble,6.688574317492416
AS3,Babble,4.7294398823385215
AS3,Babble,6.985872192626317
AS3,Babble,7.061057061819513
AS3,Babble,6.578442654392021
AS3,Babble,5.960466294982261
AS3,Babble,5.92670241503044
AS3,Babble,5.79329370422674
AS3,Babble,5.437318613782507
AS3,Babble,4.961522883758606
AS3,Babble,4.209189292374561
AS3,Babble,5.866401981049055
AS3,Babble,4.433319259303938
AS3,Babble,5.9560611062756985
AS3,Babble,5.259182699952298
AS3,Babble,4.698487108459408
AS3,Babble,5.202465567581915
AS3,Babble,5.781956162946738
AS3,Babble,4.142498180024893
AS3,Babble,4.970091027308193
AS3,Babble,6.313611161725278
AS3,Babble,4.602379461490295
AS3,Babble,6.184265881363062
AS3,Babble,5.1006781977814
AS3,Babble,4.947397287594734
AS3,Babble,5.991666918269376
AS3,Babble,4.73541791942273
AS3,Babble,5.738368562588555
AS3,Babble,5.453331354800416
AS3,Babble,6.426007730535616
AS3,Babble,5.579877014955589
AS3,Babble,4.830700323750639
AS3,Babble,6.465758537040493
AS3,Babble,5.553223640026864
AS3,Babble,5.795743598439884
AS3,Babble,5.411574142247091
AS3,Babble,6.603649976602713
AS3,Babble,5.540736445346478
AS3,Babble,4.150978915662651
AS3,Babble,4.857643405648105
AS3,Babble,4.542957214477028
AS3,Babble,5.261677703065477
AS3,Babble,5.286502037880605
AS3,Babble,6.232824007914697
AS3,Babble,4.811259000654593
AS3,Babble,6.023931810731068
AS3,Babble,4.7631391355064485
AS3,Babble,6.353585264079058
AS3,Babble,7.423825823466697
AS3,Babble,7.453521126760563
AS3,Babble,5.295812985349452
AS3,Babble,6.322051919194332
AS3,Babble,6.652646150569694
AS3,Babble,6.483114919354838
AS3,Babble,5.545484077167318
AS3,Babble,4.731542081142805
AS3,Babble,5.078071023904933
AS3,Babble,5.058596363775403
AS3,Babble,4.124772015152224
AS3,Babble,5.950799252646876
AS3,Babble,5.980277289591877
AS3,Babble,4.870775347912525
AS3,Babble,7.255214137876135
AS3,Babble,6.793729433948312
AS3,Babble,5.647536634895081
AS3,Babble,4.519368723098996
AS3,Babble,4.4441906399903255
AS3,Babble,4.768369455524052
AS3,Babble,5.668650321352059
AS3,Babble,6.300300014286394
AS3,Babble,5.77204984119228
AS3,Babble,6.391011853004439
AS3,Babble,5.222230993921213
AS3,Babble,4.733994589720469
AS3,Babble,5.664827203502174
AS3,Babble,5.089489223785572
AS3,Babble,3.887174966945791
AS3,Babble,6.8981698732989205
AS3,Babble,5.397408207343412
AS3,Babble,5.618120668569099
AS3,Babble,4.774725354044261
AS3,Babble,6.252215212305948
AS3,Babble,5.446557747274074
AS3,Babble,5.860075742475583
AS3,Babble,4.930541968303659
AS3,Babble,4.748646320452867
AS3,Babble,5.325034578146611
AS3,Babble,5.893245771448207
AS3,Babble,4.646915228043062
AS3,Babble,5.958093148172409
AS3,Babble,6.175865111263601
AS3,Babble,5.1020408163265305
AS3,Babble,6.529740248752009
AS3,Babble,5.409892374627891
AS3,Babble,4.814176895832323
AS3,Babble,5.805050349926504
AS3,Babble,4.738979990973371
AS4,Babble,6.569234334138834
AS4,Babble,5.774140752864157
AS4,Babble,5.731366560530249
AS4,Babble,5.962897526501767
AS4,Babble,6.816776586974443
AS4,Babble,6.62583987403392
AS4,Babble,6.485874694665763
AS4,Babble,6.219353438923845
AS4,Babble,5.084344660194175
AS4,Babble,6.843518013672776
AS4,Babble,7.461360810090603
AS4,Babble,5.314373512487572
AS4,Babble,7.316250842886041
AS4,Babble,6.686681222707424
AS4,Babble,6.3996517196343055
AS4,Babble,5.981177247585238
AS4,Babble,7.325277189485487
AS4,Babble,6.709481701413542
AS4,Babble,6.388822891978188
AS4,Babble,5.259094675001883
AS4,Babble,6.3166438552376105
AS4,Babble,6.828490755077876
AS4,Babble,6.212434259954922
AS4,Babble,5.038272592254084
AS4,Babble,5.721130561129177
AS4,Babble,5.153265838404802
AS4,Babble,6.866798393505294
AS4,Babble,6.272632914312076
AS4,Babble,5.673006973154243
AS4,Babble,6.965881397238017
AS4,Babble,6.2819021390755205
AS4,Babble,6.698603727288661
AS4,Babble,6.868466619637017
AS4,Babble,6.265365371548582
AS4,Babble,5.706226385797836
AS4,Babble,6.559571619812584
AS4,Babble,5.515857478465152
AS4,Babble,6.006537728139472
AS4,Babble,6.841645041182444
AS4,Babble,5.95422004521477
AS4,Babble,5.850499300496889
AS4,Babble,6.957039479710542
AS4,Babble,5.231564961564013
AS4,Babble,7.791519434628976
AS4,Babble,5.60252234772365
AS4,Babble,6.670069763484771
AS4,Babble,6.64134399785817
AS4,Babble,6.964851706222567
AS4,Babble,6.920080082246631
AS4,Babble,6.603491058441002
AS4,Babble,5.6129483888759255
AS4,Babble,5.938945238595754
AS4,Babble,7.889384780520874
AS4,Babble,5.672201820213956
AS4,Babble,4.838473729123492
AS4,Babble,7.3033707865168545
AS4,Babble,6.402800519451189
AS4,Babble,7.082061988116268
AS4,Babble,5.975841108831158
AS4,Babble,6.317565914983124
AS4,Babble,6.374444404292993
AS4,Babble,5.851708262660528
AS4,Babble,6.123299083587892
AS4,Babble,6.149044340047622
AS4,Babble,6.4347572325456674
AS4,Babble,7.487266553480475
AS4,Babble,5.210056235527621
AS4,Babble,6.231521739130435
AS4,Babble,5.491819865817781
AS4,Babble,6.83763334160258
AS4,Babble,6.374194034915727
AS4,Babble,6.819411870828072
AS4,Babble,6.016006305514294
AS4,Babble,6.2803996319179705
AS4,Babble,6.983479939927054
AS4,Babble,6.52932591636879
AS4,Babble,7.232733284349743
AS4,Babble,5.4835500811890165
AS4,Babble,7.443368570667141
AS4,Babble,7.362885048835462
AS4,Babble,5.792396892708372
AS4,Babble,4.137905713026877
AS4,Babble,6.557760122360539
AS4,Babble,7.129000969932105
AS4,Babble,5.912796310200579
AS4,Babble,4.728254512846505
AS4,Babble,7.26270783847981
AS4,Babble,4.80575382771209
AS4,Babble,6.351637991986802
AS4,Babble,6.709914794732765
AS4,Babble,6.181507722106121
AS4,Babble,5.985061914433597
AS4,Babble,6.17352440997138
AS4,Babble,6.08066184074457
AS4,Babble,5.685529618042424
AS4,Babble,5.820849085955103
AS4,Babble,6.7832239540607056
AS4,Babble,6.971300942357117
AS4,Babble,5.912740350489771
AS4,Babble,6.179627095731878
AS4,Babble,6.870978296433635
AS4,Babble,5.787401574803149
AS4,Babble,6.768133863032439
AS4,Babble,7.791060597137978
AS4,Babble,7.117775345830742
AS4,Babble,6.836103360427028
AS4,Babble,6.280162660801595
AS4,Babble,6.289666975682807
AS4,Babble,7.016287810989797
AS4,Babble,5.441365482494473
AS4,Babble,5.383458499760735
AS4,Babble,5.877213765326068
AS4,Babble,7.903402854006587
AS4,Babble,5.508712759977516
AS4,Babble,6.495773038502397
AS4,Babble,5.88009800163336
AS4,Babble,6.899488926746167
AS4,Babble,4.992302119181308
AS4,Babble,6.302448951592619
AS4,Babble,6.528577949394886
AS4,Babble,5.325932581664299
AS4,Babble,6.112204125509604
AS4,Babble,7.015909090909092
AS4,Babble,6.315617932028958
AS4,Babble,6.288350613149833
AS4,Babble,5.551126589183065
AS4,Babble,6.1724747129153865
AS4,Babble,6.409883720930233
AS4,Babble,6.783736519965025
AS4,Babble,6.525668262675588
AS4,Babble,7.415283575003461
AS4,Babble,6.995978287899706
AS4,Babble,6.918872412571487
AS4,Babble,6.500133357665258
AS4,Babble,6.182917140498185
AS4,Babble,7.207158129843245
AS4,Babble,5.806883759274526
AS4,Babble,6.776572858585416
AS4,Babble,6.395144082368296
AS4,Babble,4.6370072668645
AS4,Babble,5.603049278518921
AS4,Babble,6.622257994762259
AS4,Babble,6.924163918982572
AS4,Babble,5.818022747156606
AS5,Babble,5.910509487066573
AS5,Babble,5.842194510191826
AS5,Babble,5.740256641103795
AS5,Babble,6.705751165776847
AS5,Babble,5.171200750469043
AS5,Babble,5.820053449470454
AS5,Babble,5.366981612196579
AS5,Babble,6.725066928733607
AS5,Babble,5.724670604270785
AS5,Babble,5.615535040247396
AS5,Babble,5.939593925721405
AS5,Babble,6.0189091270038215
AS5,Babble,5.852641768673495
AS5,Babble,5.694963637599402
AS5,Babble,5.608870594764592
AS5,Babble,7.3876096491228065
AS5,Babble,5.079328515073858
AS5,Babble,5.1056595495759
AS5,Babble,4.299470534415264
AS5,Babble,5.847819273332208
AS5,Babble,5.871779508687838
AS5,Babble,6.22599954822679
AS5,Babble,5.495098853630172
AS5,Babble,5.468636974268884
AS5,Babble,5.590140845070422
AS5,Babble,6.013499693188791
AS5,Babble,6.922593923326472
AS5,Babble,3.791591436677844
AS5,Babble,6.4003483182758245
AS5,Babble,5.203218230647355
AS5,Babble,5.057256598024279
AS5,Babble,5.465812848585004
AS5,Babble,5.614713303548694
AS5,Babble,4.838355763604447
AS5,Babble,4.8802080451502245
AS5,Babble,5.156186059200655
AS5,Babble,6.490703036844429
AS5,Babble,5.665176506859874
AS5,Babble,6.756204677765295
AS5,Babble,4.144260788756513
AS5,Babble,5.85361968727601
AS5,Babble,5.943396226415095
AS5,Babble,6.981951418102863
AS5,Babble,5.88824354095734
AS5,Babble,3.979336326107063
AS5,Babble,4.81335952848723
AS5,Babble,8.261005307524195
AS5,Babble,6.755284746570446
AS5,Babble,6.913670568561873
AS5,Babble,6.594885598923285
AS5,Babble,6.585857580207582
AS5,Babble,5.419124319419237
AS5,Babble,7.000854805226524
AS5,Babble,4.789553710170596
AS5,Babble,5.489171023151606
AS5,Babble,4.914538844080404
AS5,Babble,5.784112272111222
AS5,Babble,5.30221882172915
AS5,Babble,4.335051771593341
AS5,Babble,5.74468085106383
AS5,Babble,5.363565285379202
AS5,Babble,5.327534656156565
AS5,Babble,4.936935592208374
AS5,Babble,5.976581557976907
AS5,Babble,4.79918896627566
AS5,Babble,5.523547094188377
AS5,Babble,5.539853024307519
AS5,Babble,4.1469194312796205
AS5,Babble,5.763801756587202
AS5,Babble,3.631871525633107
AS5,Babble,4.046020037432566
AS5,Babble,4.912007128536422
AS5,Babble,4.869834083317229
AS5,Babble,4.519947728495657
AS5,Babble,6.393528183716075
AS5,Babble,5.476985174260653
AS5,Babble,4.734172459139582
AS5,Babble,5.659360402443406
AS5,Babble,5.11008111239861
AS5,Babble,4.353978806029093
AS5,Babble,5.238596253054575
AS5,Babble,6.655599154844552
AS5,Babble,6.876299376299376
AS5,Babble,5.32844657457006
AS5,Babble,5.188438762304404
AS5,Babble,4.490492070361225
AS5,Babble,7.04923273657289
AS5,Babble,6.1641920854817664
AS5,Babble,5.3994490358126725
AS5,Babble,5.318464680248918
AS5,Babble,4.88453231433793
AS5,Babble,5.840175564720572
AS5,Babble,5.066303420206132
AS5,Babble,3.775182148496205
AS5,Babble,4.994790014950392
AS5,Babble,6.057843602487575
AS5,Babble,5.75458492490925
AS5,Babble,2.865683280265124
AS5,Babble,3.8500152778384047
AS5,Babble,5.341569767441861
AS5,Babble,6.419213973799127
AS5,Babble,4.359018436546478
AS5,Babble,5.485838823318671
AS5,Babble,4.52601689986658
AS5,Babble,4.769217459012848
AS5,Babble,6.564754379938166
AS5,Babble,5.757931844888367
AS5,Babble,4.546860501082586
AS5,Babble,5.872300761224172
AS5,Babble,6.15767891000485
AS5,Babble,5.127641982326495
AS5,Babble,7.345375134174779
AS5,Babble,5.9266227657572905
AS5,Babble,5.078457486756856
AS5,Babble,6.134846049214789
AS5,Babble,5.609973285841496
AS5,Babble,2.8951445602794044
AS5,Babble,2.583631144179507
AS5,Babble,5.667571040982436
AS5,Babble,6.287751134154245
AS5,Babble,5.956239870340356
AS5,Babble,6.839137177498943
AS5,Babble,4.572001244081971
AS5,Babble,6.222535779076799
AS5,Babble,5.152340218020745
AS5,Babble,6.17474096891627
AS5,Babble,4.735994272418114
AS5,Babble,6.347498286497601
AS5,Babble,5.945985189487439
AS5,Babble,5.969726802855034
AS5,Babble,5.599644467017967
AS5,Babble,6.004683925783378
AS5,Babble,4.555079274905748
AS5,Babble,5.372152515531734
AS5,Babble,4.419132874607523
AS5,Babble,7.278151580550972
AS5,Babble,5.984529786945311
AS5,Babble,5.136986301369863
AS5,Babble,6.15277293337984
AS5,Babble,5.8988764044943816
AS5,Babble,5.671174743339692
AS5,Babble,6.608297298454424
AS5,Babble,5.237974039195724
AS5,Babble,6.737888724349482
AS5,Babble,6.988906497622821
AS5,Babble,4.11101197214047
AS5,Babble,5.73182666136579
AS5,Babble,5.390479153702551
AS5,Babble,7.287535410764872
AS5,Babble,4.618077371869671
AS5,Babble,5.127377015295576
AS5,Babble,5.81236520488857
AS5,Babble,5.481589923487004
AS5,Babble,6.125283577943423
AS5,Babble,5.614687309024242
AS5,Babble,7.161260988178235
AS5,Babble,4.168833010351184
AS5,Babble,3.817652965822917
AS5,Babble,4.910092968880477
AS5,Babble,6.119617003561682
AS5,Babble,6.069364161849711
AS5,Babble,5.459948000495234
AS5,Babble,6.079883404892268
AS5,Babble,5.712123691099476
AS5,Babble,6.032487888287261
AS5,Babble,6.618188763677044
AS5,Babble,6.720512039012497
AS5,Babble,6.3565604151223125
AS5,Babble,5.463642428285524
AS5,Babble,4.512278308321965
AS5,Babble,5.219099616555947
AS5,Babble,5.673850112576392
AS5,Babble,4.47193631800436
AS5,Babble,7.054645508062452
AS5,Babble,6.553357481192533
AS5,Babble,4.774695813569808
AS5,Babble,5.615097598511941
AS5,Babble,6.310401761144743
AS5,Babble,4.9237983587338805
AS6,Babble,4.24364896073903
AS6,Babble,8.16170055257383
AS6,Babble,6.372141747642958
AS6,Babble,7.286401409915919
AS6,Babble,5.730845202203971
AS6,Babble,6.977647363424527
AS6,Babble,8.21301023202822
AS6,Babble,4.681329879835251
AS6,Babble,5.595284781655863
AS6,Babble,5.142357399669614
AS6,Babble,6.8621348864091045
AS6,Babble,5.372526497154493
AS6,Babble,5.692526139150639
AS6,Babble,5.756052992233896
AS6,Babble,5.408222705950885
AS6,Babble,6.039257455873403
AS6,Babble,8.621026703679087
AS6,Babble,6.948922450364839
AS6,Babble,5.665904360562222
AS6,Babble,6.236661438379059
AS6,Babble,3.636213720316623
AS6,Babble,4.827797604711755
AS6,Babble,7.8502343796356735
AS6,Babble,6.6186986845590186
AS6,Babble,4.663508311831142
AS6,Babble,6.0
AS6,Babble,6.664884094026832
AS6,Babble,6.294205334771163
AS6,Babble,3.727390544880825
AS6,Babble,5.124778478254554
AS6,Babble,5.115086218006547
AS6,Babble,5.537727424935819
AS6,Babble,6.307485807331778
AS6,Babble,6.3006000571483
AS6,Babble,4.937027707808564
AS6,Babble,6.432394223972533
AS6,Babble,6.050271938850507
AS6,Babble,5.674945309483978
AS6,Babble,4.809684807503545
AS6,Babble,6.740763385448511
AS6,Babble,5.17646138195477
AS6,Babble,7.09338631847857
AS6,Babble,6.465222348916762
AS6,Babble,8.104631217838765
AS6,Babble,6.699073370803585
AS6,Babble,6.520614110746938
AS6,Babble,5.468071915685059
AS6,Babble,6.86315196608813
AS6,Babble,4.193487038445784
AS6,Babble,5.116840322094076
AS6,Babble,6.499557853207264
AS6,Babble,6.684451450571438
AS6,Babble,6.599985034047542
AS6,Babble,5.341084567172314
AS6,Babble,6.773153125479957
AS6,Babble,6.8165604489679446
AS6,Babble,4.530821917808219
AS6,Babble,6.512493354598618
AS6,Babble,5.103221625624885
AS6,Babble,6.63410622593068
AS6,Babble,5.567641060503059
AS6,Babble,5.913690113373156
AS6,Babble,6.678894759869417
AS6,Babble,6.955835962145111
AS6,Babble,6.322789835892007
AS6,Babble,5.310571828336812
AS6,Babble,6.462204758596736
AS6,Babble,6.055197034189208
AS6,Babble,5.601930824229666
AS6,Babble,5.260960334029228
AS6,Babble,4.904359430604982
AS6,Babble,5.92965094390362
AS6,Babble,6.139211136890951
AS6,Babble,5.415561450044208
AS6,Babble,6.443411940036819
AS6,Babble,6.441222594631161
AS6,Babble,5.920808030734912
AS6,Babble,6.201797107456368
AS6,Babble,5.703288582337726
AS6,Babble,6.2482289600453385
AS6,Babble,5.860757180590395
AS6,Babble,4.338273871983211
AS6,Babble,6.356016763121134
AS6,Babble,6.821228474203417
AS6,Babble,5.956578610629284
AS6,Babble,4.298310066127847
AS6,Babble,7.58357408171688
AS6,Babble,5.651393872481369
AS6,Babble,7.261889079172704
AS6,Babble,4.682721712538226
AS6,Babble,6.252436819905717
AS6,Babble,6.277043953541335
AS6,Babble,7.065043255366869
AS6,Babble,6.953642384105961
AS6,Babble,7.214808236146493
AS6,Babble,7.045395375257391
AS6,Babble,7.121901326945334
AS6,Babble,7.382694791218252
AS6,Babble,6.008610979907714
AS6,Babble,7.334109429569267
AS6,Babble,5.244147157190636
AS6,Babble,6.397330818887357
AS6,Babble,6.462585034013606
AS6,Babble,6.212557091167922
AS6,Babble,6.732927220262905
AS6,Babble,5.93992726619674
AS6,Babble,6.890894175553733
AS6,Babble,6.321015323673512
AS6,Babble,6.375903614457831
AS6,Babble,4.016027684181768
AS6,Babble,6.770163689048378
AS6,Babble,4.804290987388495
AS6,Babble,6.02488065962679
AS6,Babble,6.183307504981182
AS6,Babble,7.305604404006423
AS6,Babble,6.745083758193736
AS6,Babble,6.582391843483053
AS6,Babble,6.242921857304643
AS6,Babble,4.693153600567578
AS6,Babble,4.044263748356922
AS6,Babble,6.118724385245901
AS6,Babble,6.458412844932412
AS6,Babble,5.6354226566992525
AS6,Babble,5.642581659324791
AS6,Babble,7.235073637981297
AS6,Babble,6.809927360774818
AS6,Babble,6.161627452076231
AS6,Babble,5.6758084897271495
AS6,Babble,7.113362152396928
AS6,Babble,5.648983475762623
AS6,Babble,5.02134927412468
AS6,Babble,7.006920415224913
AS6,Babble,5.58571273477364
AS6,Babble,6.158443771034367
AS6,Babble,6.484691824288765
AS6,Babble,6.985484707102126
AS6,Babble,6.5046104656142045
AS6,Babble,5.775275013095862
AS6,Babble,6.792975970425139
AS6,Babble,5.828193832599119
AS6,Babble,6.465241496961296
AS6,Babble,4.251421960859925
AS6,Babble,5.602651760140441
AS6,Babble,6.129296993924313
AS6,Babble,7.986815415821501
AS6,Babble,6.552571860816944
AS6,Babble,7.972521015999278
AS6,Babble,4.907852564102564
AS6,Babble,5.877528423944803
AS6,Babble,7.33960223017392
AS6,Babble,7.18521897810219
AS6,Babble,8.888978472950093
AS6,Babble,5.358444714459295
AS6,Babble,5.92965094390362
AS6,Babble,5.257510729613735
AS6,Babble,6.019529609407812
AS6,Babble,7.280570788710557
AS6,Babble,5.755552171927
AS6,Babble,5.653846153846153
AS6,Babble,5.850552220490199
AS6,Babble,7.765622592502917
AS6,Babble,6.011450381679389
AS6,Babble,5.563164534150298
AS6,Babble,5.870847499283168
AS6,Babble,6.954958364875094
AS6,Babble,6.7967996140238025
AS6,Babble,6.172148355493352
AS6,Babble,6.460364710294393
AS6,Babble,6.25665035113854
AS6,Babble,6.330264694061131
AS6,Babble,6.274034730724793
AS6,Babble,6.4363901727073705
AS6,Babble,5.603857626302484
AS6,Babble,5.914198593974985
AS6,Babble,6.328591673094516
AS6,Babble,5.342702244298391
AS6,Babble,6.382670783481282
AS6,Babble,6.432054006750843
AS6,Babble,4.912632483529075
AS6,Babble,6.532580607995786
AS6,Babble,5.522855353788353
AS6,Babble,5.6996074249987885
AS6,Babble,6.162425843824236
AS6,Babble,6.756106101724591
AS6,Babble,7.520830287969595
AS6,Babble,6.944954802675094
AS6,Babble,6.5917311889031724
AS6,Babble,6.167185260287383
AS6,Babble,6.454603112650632
AS6,Babble,6.269993602047345
AS6,Babble,7.771120733058101
AS6,Babble,7.370666771535876
AS6,Babble,5.925229249941218
AS6,Babble,5.339770047169811
AS6,Babble,5.925507900677201
AS6,Babble,6.470670002780095
AS6,Babble,4.735951888742718
AS6,Babble,7.347006775017585
AS6,Babble,7.713686010805769
AS6,Babble,4.834230591215805
AS6,Babble,5.315723313760267
AS6,Babble,7.671788924325891
AS6,Babble,5.964295374628077
AS6,Babble,7.720974438497324
AS6,Babble,4.813072984879152
AS6,Babble,7.0760306097259935
AS6,Babble,6.587825220963525
AS6,Babble,6.769953827804872
AS6,Babble,6.35883670888884
AS6,Babble,6.94488188976378
